DATE,T_SUPPLY,T_RETURN
2021-06-01 0:15,16.875,16.375
2021-06-01 0:30,16.875,16.375
2021-06-01 0:45,16.925,16.4125
2021-06-01 1:00,16.925,16.4125
2021-06-01 1:15,17.0125,16.4875
2021-06-01 1:30,17.0125,16.4875
2021-06-01 1:45,17.05,16.525
2021-06-01 2:00,17.05,16.525
2021-06-01 2:15,17.1375,16.6125
2021-06-01 2:30,17.1375,16.6125
2021-06-01 2:45,17.1375,16.6
2021-06-01 3:00,17.1375,16.6
2021-06-01 3:15,17.25,16.6875
2021-06-01 3:30,17.25,16.6875
2021-06-01 3:45,17.25,16.6875
2021-06-01 4:00,17.25,16.6875
2021-06-01 4:15,17.3875,16.7625
2021-06-01 4:30,17.3875,16.7625
2021-06-01 4:45,17.4125,16.775
2021-06-01 5:00,17.4125,16.775
2021-06-01 5:15,17.4875,16.9
2021-06-01 5:30,17.4875,16.9
2021-06-01 5:45,17.5125,16.9125
2021-06-01 6:00,17.5375,16.9375
2021-06-01 6:15,17.6,16.975
2021-06-01 6:30,17.6,16.975
2021-06-01 6:45,17.6,16.975
2021-06-01 7:00,17.625,17
2021-06-01 7:15,17.675,17.025
2021-06-01 7:30,17.675,17.0375
2021-06-01 7:45,17.675,17.0375
2021-06-01 8:00,17.725,17.0625
2021-06-01 8:15,10.6,12.65
2021-06-01 8:30,9.3,13.7
2021-06-01 8:45,9.3,13.7
2021-06-01 9:00,8.65,12.9
2021-06-01 9:15,8.65,12.9
2021-06-01 9:30,7.15,11.15
2021-06-01 9:45,7.15,11.15
2021-06-01 10:00,6.95,10.25
2021-06-01 10:15,6.95,10.25
2021-06-01 10:30,7.85,9.25
2021-06-01 10:45,7.85,9.25
2021-06-01 11:00,6.8,9.25
2021-06-01 11:15,6.8,9.25
2021-06-01 11:30,6.65,8.95
2021-06-01 11:45,6.65,8.95
2021-06-01 12:00,6.8,9.1
2021-06-01 12:15,6.8,9.1
2021-06-01 12:30,6.9,9.25
2021-06-01 12:45,6.9,9.25
2021-06-01 13:00,7.05,9.45
2021-06-01 13:15,7.05,9.45
2021-06-01 13:30,7,9.55
2021-06-01 13:45,7,9.55
2021-06-01 14:00,8.6,9.65
2021-06-01 14:15,8.6,9.65
2021-06-01 14:30,6.8,9.5
2021-06-01 14:45,6.8,9.5
2021-06-01 15:00,7.05,9.75
2021-06-01 15:15,7.05,9.75
2021-06-01 15:30,6.75,9.35
2021-06-01 15:45,6.75,9.35
2021-06-01 16:00,6.75,9.35
2021-06-01 16:15,6.8,9.25
2021-06-01 16:30,6.65,9.05
2021-06-01 16:45,6.65,9.05
2021-06-01 17:00,6.65,9.05
2021-06-01 17:15,6.5,8.75
2021-06-01 17:30,6.5,8.6
2021-06-01 17:45,6.5,8.6
2021-06-01 18:00,6.55,8.65
2021-06-01 18:15,6.45,8.5
2021-06-01 18:30,6.15,7.85
2021-06-01 18:45,6.15,7.85
2021-06-01 19:00,6.15,7.85
2021-06-01 19:15,5.8,7.8
2021-06-01 19:30,5.6,7.6
2021-06-01 19:45,5.6,7.6
2021-06-01 20:00,5.6,7.6
2021-06-01 20:15,5.7,7.7
2021-06-01 20:30,11.575,10.6
2021-06-01 20:45,11.575,10.6
2021-06-01 21:00,11.575,10.6
2021-06-01 21:15,12.2,11.6625
2021-06-01 21:30,12.375,11.95
2021-06-01 21:45,12.375,11.95
2021-06-01 22:00,12.375,11.95
2021-06-01 22:15,12.4375,12
2021-06-01 22:30,12.55,12.05
2021-06-01 22:45,12.575,12.1125
2021-06-01 23:00,12.575,12.1125
2021-06-01 23:15,12.6625,12.125
2021-06-01 23:30,12.9125,12.2375
2021-06-01 23:45,12.95,12.2625
2021-06-02 0:00,12.95,12.2625
2021-06-02 0:15,13.2125,12.35
2021-06-02 0:30,13.2125,12.35
2021-06-02 0:45,13.2125,12.4
2021-06-02 1:00,13.2875,12.4375
2021-06-02 1:15,13.2875,12.4375
2021-06-02 1:30,13.45,12.45
2021-06-02 1:45,13.45,12.5125
2021-06-02 2:00,13.5125,12.525
2021-06-02 2:15,13.5125,12.525
2021-06-02 2:30,13.65,12.625
2021-06-02 2:45,13.6625,12.625
2021-06-02 3:00,13.725,12.65
2021-06-02 3:15,13.7625,12.6875
2021-06-02 3:30,13.85,12.725
2021-06-02 3:45,13.85,12.725
2021-06-02 4:00,13.9125,12.7625
2021-06-02 4:15,13.9125,12.7625
2021-06-02 4:30,14.025,12.85
2021-06-02 4:45,14.025,12.85
2021-06-02 5:00,14.075,12.9
2021-06-02 5:15,14.075,12.9
2021-06-02 5:30,14.175,12.9875
2021-06-02 5:45,14.2,12.9875
2021-06-02 6:00,14.2,12.9875
2021-06-02 6:15,14.2375,13.05
2021-06-02 6:30,14.325,13.1375
2021-06-02 6:45,14.325,13.1375
2021-06-02 7:00,14.325,13.1375
2021-06-02 7:15,14.325,13.1375
2021-06-02 7:30,14.425,13.225
2021-06-02 7:45,13.125,11.4
2021-06-02 8:00,13.125,11.4
2021-06-02 8:15,13.125,11.4
2021-06-02 8:30,9.35,10.45
2021-06-02 8:45,8.8,9.4
2021-06-02 9:00,8.8,9.4
2021-06-02 9:15,8.55,8.95
2021-06-02 9:30,8.55,8.8
2021-06-02 9:45,8.2,8.35
2021-06-02 10:00,8.2,8.35
2021-06-02 10:15,12.125,10.9375
2021-06-02 10:30,12.125,10.9375
2021-06-02 10:45,13.375,12.375
2021-06-02 11:00,13.375,12.375
2021-06-02 11:15,14,12.7875
2021-06-02 11:30,14,12.7875
2021-06-02 11:45,11.3,12.4
2021-06-02 12:00,11.3,12.4
2021-06-02 12:15,11.3,12.4
2021-06-02 12:30,11.3,12.4
2021-06-02 12:45,10.2,11.1
2021-06-02 13:00,10.2,11.1
2021-06-02 13:15,9.6,10.55
2021-06-02 13:30,9.6,10.55
2021-06-02 13:45,8.9,9.75
2021-06-02 14:00,11.3,9.65
2021-06-02 14:15,9.05,9.65
2021-06-02 14:30,9.05,9.65
2021-06-02 14:45,9.05,9.35
2021-06-02 15:00,9.15,9.45
2021-06-02 15:15,9.15,9.45
2021-06-02 15:30,8.85,9.15
2021-06-02 15:45,8.85,9.15
2021-06-02 16:00,8.75,8.95
2021-06-02 16:15,8.75,8.95
2021-06-02 16:30,8.85,9.05
2021-06-02 16:45,8.85,9.05
2021-06-02 17:00,8.5,8.65
2021-06-02 17:15,8.6,8.75
2021-06-02 17:30,8.4,8.55
2021-06-02 17:45,8.4,8.55
2021-06-02 18:00,8.5,8.6
2021-06-02 18:15,8.5,8.6
2021-06-02 18:30,7.65,8
2021-06-02 18:45,7.65,8
2021-06-02 19:00,6.8,7.65
2021-06-02 19:15,6.8,7.65
2021-06-02 19:30,8.65,7.85
2021-06-02 19:45,8.65,7.85
2021-06-02 20:00,8.9,8.05
2021-06-02 20:15,8.9,8.05
2021-06-02 20:30,7.5,8.15
2021-06-02 20:45,7.5,8.15
2021-06-02 21:00,12.2875,11.35
2021-06-02 21:15,12.2875,11.35
2021-06-02 21:30,12.5375,11.5875
2021-06-02 21:45,13.175,12.425
2021-06-02 22:00,13.175,12.425
2021-06-02 22:15,13.175,12.425
2021-06-02 22:30,13.3,12.5
2021-06-02 22:45,13.3,12.5
2021-06-02 23:00,13.45,12.6625
2021-06-02 23:15,13.45,12.6625
2021-06-02 23:30,13.45,12.6625
2021-06-02 23:45,13.6125,12.75
2021-06-03 0:00,13.85,12.85
2021-06-03 0:15,13.85,12.85
2021-06-03 0:30,13.9125,12.8875
2021-06-03 0:45,13.9125,12.8875
2021-06-03 1:00,14.0375,12.9625
2021-06-03 1:15,14.0375,12.9625
2021-06-03 1:30,14.0375,12.9625
2021-06-03 1:45,14.125,13.025
2021-06-03 2:00,14.25,13.0875
2021-06-03 2:15,14.25,13.0875
2021-06-03 2:30,14.25,13.0875
2021-06-03 2:45,14.325,13.1625
2021-06-03 3:00,14.4,13.2125
2021-06-03 3:15,14.4,13.2125
2021-06-03 3:30,14.4,13.2125
2021-06-03 3:45,14.4875,13.275
2021-06-03 4:00,14.575,13.375
2021-06-03 4:15,14.575,13.375
2021-06-03 4:30,14.575,13.375
2021-06-03 4:45,14.6125,13.3875
2021-06-03 5:00,14.7375,13.4625
2021-06-03 5:15,14.75,13.475
2021-06-03 5:30,14.775,13.5
2021-06-03 5:45,14.7875,13.5375
2021-06-03 6:00,14.85,13.575
2021-06-03 6:15,14.8875,13.6125
2021-06-03 6:30,14.9125,13.625
2021-06-03 6:45,14.9625,13.675
2021-06-03 7:00,15.025,13.7375
2021-06-03 7:15,15.0125,13.7125
2021-06-03 7:30,15.05,13.7625
2021-06-03 7:45,15.0625,13.7875
2021-06-03 8:00,15.1,13.8625
2021-06-03 8:15,15.1625,13.875
2021-06-03 8:30,9.05,12.3
2021-06-03 8:45,9.05,12.3
2021-06-03 9:00,8.1,12.1
2021-06-03 9:15,7.9,11.75
2021-06-03 9:30,7.6,11.25
2021-06-03 9:45,7.6,11.25
2021-06-03 10:00,6.8,10.15
2021-06-03 10:15,7.1,10.25
2021-06-03 10:30,7.05,9.95
2021-06-03 10:45,6.9,9.6
2021-06-03 11:00,6.95,9.65
2021-06-03 11:15,6.9,9.55
2021-06-03 11:30,6.95,9.6
2021-06-03 11:45,6.8,9.4
2021-06-03 12:00,6.9,9.55
2021-06-03 12:15,6.9,9.55
2021-06-03 12:30,6.9,9.55
2021-06-03 12:45,6.8,9.35
2021-06-03 13:00,6.9,9.35
2021-06-03 13:15,6.9,9.35
2021-06-03 13:30,6.9,9.35
2021-06-03 13:45,6.75,9.25
2021-06-03 14:00,6.65,9.1
2021-06-03 14:15,6.75,9.15
2021-06-03 14:30,6.75,9.15
2021-06-03 14:45,6.65,9.05
2021-06-03 15:00,6.65,9.05
2021-06-03 15:15,6.55,8.75
2021-06-03 15:30,6.55,8.75
2021-06-03 15:45,6.65,8.9
2021-06-03 16:00,6.55,8.7
2021-06-03 16:15,6.65,8.85
2021-06-03 16:30,6.65,8.85
2021-06-03 16:45,6.5,8.7
2021-06-03 17:00,6.3,8.35
2021-06-03 17:15,6.4,8.5
2021-06-03 17:30,6.4,8.5
2021-06-03 17:45,6.8,8.9
2021-06-03 18:00,6.7,8.9
2021-06-03 18:15,6.8,9
2021-06-03 18:30,6.8,9
2021-06-03 18:45,6.9,9.1
2021-06-03 19:00,7,9.2
2021-06-03 19:15,6.6,8.7
2021-06-03 19:30,6.6,8.7
2021-06-03 19:45,6.4,8.5
2021-06-03 20:00,6.4,8.5
2021-06-03 20:15,6.2,8.3
2021-06-03 20:30,6,8.1
2021-06-03 20:45,6,8.1
2021-06-03 21:00,6,8.1
2021-06-03 21:15,13.3375,12.0625
2021-06-03 21:30,13.475,12.2625
2021-06-03 21:45,13.475,12.2625
2021-06-03 22:00,13.55,12.325
2021-06-03 22:15,13.55,12.325
2021-06-03 22:30,13.6375,12.4
2021-06-03 22:45,13.6375,12.4
2021-06-03 23:00,13.75,12.475
2021-06-03 23:15,13.8,12.575
2021-06-03 23:30,13.85,12.575
2021-06-03 23:45,13.85,12.575
2021-06-04 0:00,13.9125,12.5875
2021-06-04 0:15,13.9,12.6125
2021-06-04 0:30,14.0375,12.675
2021-06-04 0:45,14.0375,12.675
2021-06-04 1:00,14.15,12.775
2021-06-04 1:15,14.2375,12.8625
2021-06-04 1:30,14.275,12.8875
2021-06-04 1:45,14.275,12.8875
2021-06-04 2:00,14.3125,12.9125
2021-06-04 2:15,14.3625,12.925
2021-06-04 2:30,14.4125,13.025
2021-06-04 2:45,14.4625,13
2021-06-04 3:00,14.4875,13.05
2021-06-04 3:15,14.5625,13.125
2021-06-04 3:30,14.6375,13.1875
2021-06-04 3:45,14.6375,13.1875
2021-06-04 4:00,14.7,13.2125
2021-06-04 4:15,14.825,13.3375
2021-06-04 4:30,14.825,13.3375
2021-06-04 4:45,14.825,13.3375
2021-06-04 5:00,14.85,13.3375
2021-06-04 5:15,14.85,13.3375
2021-06-04 5:30,14.975,13.4375
2021-06-04 5:45,14.975,13.4375
2021-06-04 6:00,14.975,13.4375
2021-06-04 6:15,15.05,13.525
2021-06-04 6:30,15.0875,13.55
2021-06-04 6:45,15.0875,13.55
2021-06-04 7:00,15.1125,13.525
2021-06-04 7:15,15.2,13.4625
2021-06-04 7:30,15.1625,13.475
2021-06-04 7:45,15.1625,13.475
2021-06-04 8:00,15.1625,13.475
2021-06-04 8:15,8.3,8.75
2021-06-04 8:30,9.15,9.55
2021-06-04 8:45,9.15,9.55
2021-06-04 9:00,8.55,8.95
2021-06-04 9:15,7.2,7.8
2021-06-04 9:30,8.35,7.65
2021-06-04 9:45,8.35,7.65
2021-06-04 10:00,8.45,7.75
2021-06-04 10:15,8.8,7.95
2021-06-04 10:30,7.4,7.95
2021-06-04 10:45,7.25,7.85
2021-06-04 11:00,7.1,7.7
2021-06-04 11:15,8.5,7.55
2021-06-04 11:30,8.8,8
2021-06-04 11:45,9.05,8.05
2021-06-04 12:00,7.5,8.1
2021-06-04 12:15,7.35,7.9
2021-06-04 12:30,6.85,7.7
2021-06-04 12:45,6.9,7.7
2021-06-04 13:00,8.25,7.65
2021-06-04 13:15,9.4,8.1
2021-06-04 13:30,9.4,8.1
2021-06-04 13:45,7.35,7.9
2021-06-04 14:00,7.35,7.9
2021-06-04 14:15,7.35,7.9
2021-06-04 14:30,7.35,7.9
2021-06-04 14:45,7.05,7.8
2021-06-04 15:00,7.05,7.8
2021-06-04 15:15,7.05,7.55
2021-06-04 15:30,8.7,7.9
2021-06-04 15:45,7.75,8.3
2021-06-04 16:00,7.75,8.3
2021-06-04 16:15,7.7,8.15
2021-06-04 16:30,7.7,8.15
2021-06-04 16:45,6,9.8
2021-06-04 17:00,6,9.8
2021-06-04 17:15,6.3,10.1
2021-06-04 17:30,6.6,10.5
2021-06-04 17:45,6.6,10.4
2021-06-04 18:00,6.6,10.4
2021-06-04 18:15,6.7,10.6
2021-06-04 18:30,6.7,10.6
2021-06-04 18:45,5.8,9.6
2021-06-04 19:00,5.8,9.6
2021-06-04 19:15,5.6,9.3
2021-06-04 19:30,8.3,8.7
2021-06-04 19:45,8.3,8.7
2021-06-04 20:00,8.3,8.7
2021-06-04 20:15,8.5,9
2021-06-04 20:30,8.5,9
2021-06-04 20:45,13.2,12.325
2021-06-04 21:00,13.2,12.325
2021-06-04 21:15,13.2,12.325
2021-06-04 21:30,13.7375,12.9625
2021-06-04 21:45,13.9625,13.2125
2021-06-04 22:00,13.9625,13.2125
2021-06-04 22:15,14.025,13.2625
2021-06-04 22:30,14.125,13.3125
2021-06-04 22:45,14.25,13.425
2021-06-04 23:00,14.25,13.425
2021-06-04 23:15,14.25,13.425
2021-06-04 23:30,14.4,13.4875
2021-06-04 23:45,14.625,13.6875
2021-06-05 0:00,14.625,13.6875
2021-06-05 0:15,14.625,13.6875
2021-06-05 0:30,14.625,13.6875
2021-06-05 0:45,14.7875,13.75
2021-06-05 1:00,14.7875,13.75
2021-06-05 1:15,14.7875,13.75
2021-06-05 1:30,14.85,13.8
2021-06-05 1:45,14.975,13.8875
2021-06-05 2:00,14.975,13.8875
2021-06-05 2:15,14.975,13.8875
2021-06-05 2:30,15.05,13.925
2021-06-05 2:45,15.125,13.9375
2021-06-05 3:00,15.125,13.9625
2021-06-05 3:15,15.125,13.9625
2021-06-05 3:30,15.2,14.0375
2021-06-05 3:45,15.2375,14.0625
2021-06-05 4:00,15.275,14.0625
2021-06-05 4:15,15.275,14.0625
2021-06-05 4:30,15.3375,14.125
2021-06-05 4:45,15.4125,14.15
2021-06-05 5:00,15.425,14.2
2021-06-05 5:15,15.45,14.2125
2021-06-05 5:30,15.45,14.2125
2021-06-05 5:45,15.525,14.275
2021-06-05 6:00,15.5375,14.2625
2021-06-05 6:15,15.5375,14.2625
2021-06-05 6:30,15.6,14.35
2021-06-05 6:45,15.625,14.3875
2021-06-05 7:00,15.625,14.3875
2021-06-05 7:15,15.7,14.4125
2021-06-05 7:30,15.7,14.4125
2021-06-05 7:45,15.7875,14.4875
2021-06-05 8:00,15.8125,14.5
2021-06-05 8:15,15.8375,14.5375
2021-06-05 8:30,15.8375,14.5375
2021-06-05 8:45,15.225,13.975
2021-06-05 9:00,15.7625,14.5
2021-06-05 9:15,16.1875,14.8875
2021-06-05 9:30,11.5,12.7
2021-06-05 9:45,10.6,11.9
2021-06-05 10:00,10.2,11.8
2021-06-05 10:15,10.2,11.8
2021-06-05 10:30,9.8,11.6
2021-06-05 10:45,8.7,10.4
2021-06-05 11:00,8.7,10.4
2021-06-05 11:15,8.7,10.4
2021-06-05 11:30,8.7,10.4
2021-06-05 11:45,7.8,9.6
2021-06-05 12:00,7.3,9.2
2021-06-05 12:15,7.3,9.2
2021-06-05 12:30,6.9,8.8
2021-06-05 12:45,7.8,8.7
2021-06-05 13:00,9,9.2
2021-06-05 13:15,9,9.2
2021-06-05 13:30,9,9.2
2021-06-05 13:45,9.3,9.4
2021-06-05 14:00,7.7,9.6
2021-06-05 14:15,7.7,9.6
2021-06-05 14:30,7.7,9.6
2021-06-05 14:45,7.3,9.2
2021-06-05 15:00,14.075,13.7
2021-06-05 15:15,14.075,13.7
2021-06-05 15:30,14.225,13.8
2021-06-05 15:45,14.225,13.8
2021-06-05 16:00,14.5375,14.05
2021-06-05 16:15,14.5375,14.05
2021-06-05 16:30,14.675,14.2
2021-06-05 16:45,14.675,14.2
2021-06-05 17:00,14.9875,14.4125
2021-06-05 17:15,15.0375,14.475
2021-06-05 17:30,9.6,11.4
2021-06-05 17:45,9.6,11.4
2021-06-05 18:00,8.9,10.9
2021-06-05 18:15,8.6,10.7
2021-06-05 18:30,8.2,10.3
2021-06-05 18:45,7.9,10.1
2021-06-05 19:00,7.7,9.7
2021-06-05 19:15,7.4,9.4
2021-06-05 19:30,7.1,9.2
2021-06-05 19:45,7.1,9.2
2021-06-05 20:00,14.6375,14.1875
2021-06-05 20:15,14.6125,14.2
2021-06-05 20:30,14.7625,14.325
2021-06-05 20:45,14.7625,14.325
2021-06-05 21:00,15,14.575
2021-06-05 21:15,15.125,14.6875
2021-06-05 21:30,15.125,14.6875
2021-06-05 21:45,15.3375,14.9125
2021-06-05 22:00,15.3375,14.9125
2021-06-05 22:15,15.4375,14.9875
2021-06-05 22:30,15.4375,14.9875
2021-06-05 22:45,15.5375,15.0625
2021-06-05 23:00,15.5375,15.0625
2021-06-05 23:15,15.625,15.125
2021-06-05 23:30,15.625,15.125
2021-06-05 23:45,15.6625,15.1625
2021-06-06 0:00,15.7625,15.2375
2021-06-06 0:15,15.7625,15.2375
2021-06-06 0:30,15.8,15.2375
2021-06-06 0:45,15.8625,15.2875
2021-06-06 1:00,15.8625,15.2875
2021-06-06 1:15,16.0125,15.3875
2021-06-06 1:30,16.0125,15.3875
2021-06-06 1:45,16.0375,15.3875
2021-06-06 2:00,16.175,15.4875
2021-06-06 2:15,16.175,15.4875
2021-06-06 2:30,16.175,15.4875
2021-06-06 2:45,16.1875,15.4875
2021-06-06 3:00,16.1875,15.4875
2021-06-06 3:15,16.325,15.5875
2021-06-06 3:30,16.325,15.5875
2021-06-06 3:45,16.3375,15.6125
2021-06-06 4:00,16.3375,15.6125
2021-06-06 4:15,16.4625,15.6875
2021-06-06 4:30,16.4625,15.6875
2021-06-06 4:45,16.4625,15.6875
2021-06-06 5:00,16.5375,15.725
2021-06-06 5:15,16.6,15.775
2021-06-06 5:30,16.6,15.775
2021-06-06 5:45,16.625,15.8125
2021-06-06 6:00,16.6375,15.825
2021-06-06 6:15,16.6875,15.85
2021-06-06 6:30,16.6875,15.85
2021-06-06 6:45,16.6875,15.85
2021-06-06 7:00,16.7625,15.925
2021-06-06 7:15,16.8375,15.9625
2021-06-06 7:30,16.8375,15.9625
2021-06-06 7:45,16.9,16.0125
2021-06-06 8:00,16.9125,16.0375
2021-06-06 8:15,16.975,16.075
2021-06-06 8:30,16.9875,16.0875
2021-06-06 8:45,16.375,15.5625
2021-06-06 9:00,16.6875,15.8125
2021-06-06 9:15,10.9,13.1
2021-06-06 9:30,10.9,13.1
2021-06-06 9:45,10.9,13.1
2021-06-06 10:00,10.3,12.7
2021-06-06 10:15,9.9,12.2
2021-06-06 10:30,9.8,12
2021-06-06 10:45,9.8,12
2021-06-06 11:00,9.4,11.5
2021-06-06 11:15,9.2,11.3
2021-06-06 11:30,8.9,11.1
2021-06-06 11:45,8.9,11.1
2021-06-06 12:00,9.1,10.9
2021-06-06 12:15,9.1,10.9
2021-06-06 12:30,9.7,10.8
2021-06-06 12:45,8.6,10.6
2021-06-06 13:00,8.6,10.6
2021-06-06 13:15,8.4,10.4
2021-06-06 13:30,8.5,10.4
2021-06-06 13:45,9.4,10.6
2021-06-06 14:00,9.4,10.6
2021-06-06 14:15,9,10.5
2021-06-06 14:30,9.6,10.7
2021-06-06 14:45,8.2,10.5
2021-06-06 15:00,8.2,10.5
2021-06-06 15:15,8.7,10.6
2021-06-06 15:30,8.5,10.5
2021-06-06 15:45,9.4,10.5
2021-06-06 16:00,9.4,10.5
2021-06-06 16:15,9.1,10.5
2021-06-06 16:30,8.8,10.8
2021-06-06 16:45,8.8,10.8
2021-06-06 17:00,8.8,10.8
2021-06-06 17:15,9.2,10.7
2021-06-06 17:30,9.2,10.7
2021-06-06 17:45,9.2,10.7
2021-06-06 18:00,9.2,10.7
2021-06-06 18:15,8.4,10.5
2021-06-06 18:30,9,10.6
2021-06-06 18:45,9,10.6
2021-06-06 19:00,9,10.6
2021-06-06 19:15,9.4,10.5
2021-06-06 19:30,8.4,10.4
2021-06-06 19:45,8.4,10.4
2021-06-06 20:00,8.4,10.4
2021-06-06 20:15,8.6,10.5
2021-06-06 20:30,9.6,10.6
2021-06-06 20:45,9.6,10.6
2021-06-06 21:00,16.5625,15.8375
2021-06-06 21:15,16.5625,15.8375
2021-06-06 21:30,16.8875,16.2625
2021-06-06 21:45,16.8875,16.2625
2021-06-06 22:00,16.9,16.3375
2021-06-06 22:15,16.9,16.3375
2021-06-06 22:30,17.0625,16.4125
2021-06-06 22:45,17.0625,16.4125
2021-06-06 23:00,17.0625,16.425
2021-06-06 23:15,17.125,16.4375
2021-06-06 23:30,17.2,16.475
2021-06-06 23:45,17.3125,16.5875
2021-06-07 0:00,17.3125,16.5875
2021-06-07 0:15,17.3125,16.5875
2021-06-07 0:30,17.3125,16.5875
2021-06-07 0:45,17.375,16.6125
2021-06-07 1:00,17.4125,16.65
2021-06-07 1:15,17.4375,16.65
2021-06-07 1:30,17.525,16.675
2021-06-07 1:45,17.5125,16.6875
2021-06-07 2:00,17.575,16.7125
2021-06-07 2:15,17.6,16.75
2021-06-07 2:30,17.6375,16.7625
2021-06-07 2:45,17.6875,16.8
2021-06-07 3:00,17.6875,16.825
2021-06-07 3:15,17.725,16.825
2021-06-07 3:30,17.775,16.8625
2021-06-07 3:45,17.825,16.8875
2021-06-07 4:00,17.825,16.8875
2021-06-07 4:15,17.85,16.925
2021-06-07 4:30,17.85,16.925
2021-06-07 4:45,17.925,16.95
2021-06-07 5:00,17.975,16.95
2021-06-07 5:15,18,17.0125
2021-06-07 5:30,18,17.0125
2021-06-07 5:45,18.0625,17.05
2021-06-07 6:00,18.0625,17.05
2021-06-07 6:15,18.1125,17.0875
2021-06-07 6:30,18.1125,17.0875
2021-06-07 6:45,18.175,17.15
2021-06-07 7:00,18.175,17.15
2021-06-07 7:15,18.2375,17.1625
2021-06-07 7:30,18.25,17.2
2021-06-07 7:45,18.325,17.2375
2021-06-07 8:00,18.325,17.2375
2021-06-07 8:15,15.9,14
2021-06-07 8:30,15.9,14
2021-06-07 8:45,9.75,13.95
2021-06-07 9:00,9.75,13.95
2021-06-07 9:15,9,13.05
2021-06-07 9:30,8.4,12.5
2021-06-07 9:45,7.8,11.75
2021-06-07 10:00,7.8,11.75
2021-06-07 10:15,7.45,11.25
2021-06-07 10:30,7.45,11.25
2021-06-07 10:45,7,10.4
2021-06-07 11:00,7,10.4
2021-06-07 11:15,7.05,10.15
2021-06-07 11:30,7.2,10.15
2021-06-07 11:45,7.1,9.95
2021-06-07 12:00,7.1,9.95
2021-06-07 12:15,7,9.85
2021-06-07 12:30,7,9.75
2021-06-07 12:45,6.95,9.7
2021-06-07 13:00,6.95,9.7
2021-06-07 13:15,6.85,9.55
2021-06-07 13:30,6.85,9.55
2021-06-07 13:45,7,10.1
2021-06-07 14:00,7,10.1
2021-06-07 14:15,7,10.1
2021-06-07 14:30,7.3,10.35
2021-06-07 14:45,7.3,10.35
2021-06-07 15:00,7.4,10.55
2021-06-07 15:15,7.75,10.25
2021-06-07 15:30,7.4,10.45
2021-06-07 15:45,7.2,10.35
2021-06-07 16:00,7.2,10.25
2021-06-07 16:15,7.35,10.55
2021-06-07 16:30,7.3,10.4
2021-06-07 16:45,7.4,10.6
2021-06-07 17:00,7.5,11.1
2021-06-07 17:15,7.5,11.1
2021-06-07 17:30,7.6,11.4
2021-06-07 17:45,7.5,11.6
2021-06-07 18:00,7.4,11.6
2021-06-07 18:15,7.4,11.4
2021-06-07 18:30,7.2,11.3
2021-06-07 18:45,7.1,11.1
2021-06-07 19:00,7.1,10.8
2021-06-07 19:15,7.2,10.6
2021-06-07 19:30,7.2,10.1
2021-06-07 19:45,7.3,9.5
2021-06-07 20:00,7.2,9.4
2021-06-07 20:15,7.1,9.3
2021-06-07 20:30,7.1,9.3
2021-06-07 20:45,14.8625,12.9875
2021-06-07 21:00,14.8875,13.025
2021-06-07 21:15,15.0875,13.4125
2021-06-07 21:30,15.2625,13.675
2021-06-07 21:45,15.375,13.7875
2021-06-07 22:00,15.4,13.875
2021-06-07 22:15,15.475,13.9125
2021-06-07 22:30,15.525,13.975
2021-06-07 22:45,15.7,14.1125
2021-06-07 23:00,15.7,14.1125
2021-06-07 23:15,15.7,14.1125
2021-06-07 23:30,15.7,14.1125
2021-06-07 23:45,15.75,14.125
2021-06-08 0:00,15.95,14.2875
2021-06-08 0:15,15.95,14.2875
2021-06-08 0:30,16,14.3125
2021-06-08 0:45,16,14.3125
2021-06-08 1:00,16.1,14.3875
2021-06-08 1:15,16.1,14.3875
2021-06-08 1:30,16.1375,14.4125
2021-06-08 1:45,16.2125,14.4625
2021-06-08 2:00,16.3,14.5375
2021-06-08 2:15,16.3,14.5375
2021-06-08 2:30,16.3375,14.5875
2021-06-08 2:45,16.4,14.6
2021-06-08 3:00,16.4625,14.675
2021-06-08 3:15,16.4625,14.675
2021-06-08 3:30,16.5125,14.7
2021-06-08 3:45,16.5125,14.7
2021-06-08 4:00,16.625,14.8125
2021-06-08 4:15,16.625,14.8125
2021-06-08 4:30,16.6625,14.85
2021-06-08 4:45,16.6625,14.85
2021-06-08 5:00,16.8,14.95
2021-06-08 5:15,16.8,14.95
2021-06-08 5:30,16.85,14.9625
2021-06-08 5:45,16.875,15
2021-06-08 6:00,16.9,15.0625
2021-06-08 6:15,16.925,15.0625
2021-06-08 6:30,16.975,15.075
2021-06-08 6:45,17,15.1375
2021-06-08 7:00,17.075,15.1875
2021-06-08 7:15,17.0625,15.1625
2021-06-08 7:30,17.1,15.225
2021-06-08 7:45,17.1625,15.2625
2021-06-08 8:00,10.45,11.3
2021-06-08 8:15,10.5,11.6
2021-06-08 8:30,10.7,11.65
2021-06-08 8:45,10.15,10.95
2021-06-08 9:00,9.6,10.25
2021-06-08 9:15,9.5,10.1
2021-06-08 9:30,9.45,9.95
2021-06-08 9:45,9.35,9.85
2021-06-08 10:00,9.25,9.65
2021-06-08 10:15,9.2,9.55
2021-06-08 10:30,9.1,9.55
2021-06-08 10:45,9.4,9.7
2021-06-08 11:00,9.35,9.7
2021-06-08 11:15,9.3,9.6
2021-06-08 11:30,9.35,9.6
2021-06-08 11:45,9.35,9.6
2021-06-08 12:00,9.5,9.85
2021-06-08 12:15,9.45,9.9
2021-06-08 12:30,9.4,9.9
2021-06-08 12:45,9.4,9.9
2021-06-08 13:00,9.6,10.1
2021-06-08 13:15,9.7,10.4
2021-06-08 13:30,9.6,10.35
2021-06-08 13:45,9.6,10.35
2021-06-08 14:00,9.75,10.25
2021-06-08 14:15,9.75,10.25
2021-06-08 14:30,9.75,10.25
2021-06-08 14:45,9.6,10.1
2021-06-08 15:00,9.65,10.1
2021-06-08 15:15,9.65,10.1
2021-06-08 15:30,9.65,10.1
2021-06-08 15:45,9.55,10.05
2021-06-08 16:00,9.65,10.15
2021-06-08 16:15,9.45,9.9
2021-06-08 16:30,9.45,9.9
2021-06-08 16:45,9.4,9.9
2021-06-08 17:00,9.25,9.65
2021-06-08 17:15,9.1,9.35
2021-06-08 17:30,9.1,9.35
2021-06-08 17:45,9.1,9.35
2021-06-08 18:00,9.05,9.2
2021-06-08 18:15,7.2,10.5
2021-06-08 18:30,7.2,10.5
2021-06-08 18:45,7.3,10.6
2021-06-08 19:00,7.6,11.1
2021-06-08 19:15,7.1,10.5
2021-06-08 19:30,7.1,10.5
2021-06-08 19:45,7.3,10.7
2021-06-08 20:00,7.3,10.7
2021-06-08 20:15,7.4,10.7
2021-06-08 20:30,7.4,10.7
2021-06-08 20:45,7.4,10.7
2021-06-08 21:00,10.5,10.6
2021-06-08 21:15,14.5875,14.3125
2021-06-08 21:30,14.7,14.475
2021-06-08 21:45,14.8,14.6125
2021-06-08 22:00,14.9,14.675
2021-06-08 22:15,15.0125,14.7625
2021-06-08 22:30,15.025,14.8125
2021-06-08 22:45,15.0875,14.85
2021-06-08 23:00,15.0875,14.85
2021-06-08 23:15,15.2875,14.9625
2021-06-08 23:30,15.325,14.95
2021-06-08 23:45,15.325,14.95
2021-06-09 0:00,15.325,14.95
2021-06-09 0:15,15.6,15.0875
2021-06-09 0:30,15.625,15.15
2021-06-09 0:45,15.6625,15.1375
2021-06-09 1:00,15.7625,15.2
2021-06-09 1:15,15.8125,15.225
2021-06-09 1:30,15.825,15.2375
2021-06-09 1:45,15.9125,15.275
2021-06-09 2:00,15.925,15.325
2021-06-09 2:15,15.925,15.325
2021-06-09 2:30,16.0625,15.3875
2021-06-09 2:45,16.0875,15.4125
2021-06-09 3:00,16.1375,15.4375
2021-06-09 3:15,16.1375,15.4375
2021-06-09 3:30,16.2125,15.5
2021-06-09 3:45,16.2125,15.5
2021-06-09 4:00,16.3125,15.5625
2021-06-09 4:15,16.3875,15.575
2021-06-09 4:30,16.4125,15.6
2021-06-09 4:45,16.4375,15.6375
2021-06-09 5:00,16.45,15.65
2021-06-09 5:15,16.5625,15.7
2021-06-09 5:30,16.6,15.7125
2021-06-09 5:45,16.6,15.7125
2021-06-09 6:00,16.5875,15.7625
2021-06-09 6:15,16.75,15.8375
2021-06-09 6:30,16.75,15.8375
2021-06-09 6:45,16.75,15.8375
2021-06-09 7:00,16.775,15.85
2021-06-09 7:15,16.8125,15.8875
2021-06-09 7:30,16.8375,15.9375
2021-06-09 7:45,16.8375,15.9375
2021-06-09 8:00,16.875,15.9125
2021-06-09 8:15,9.4,13.9
2021-06-09 8:30,10.1,14.4
2021-06-09 8:45,10.1,14.4
2021-06-09 9:00,9.1,13.4
2021-06-09 9:15,9.1,13.4
2021-06-09 9:30,8.55,12.8
2021-06-09 9:45,8.55,12.8
2021-06-09 10:00,8.45,12.6
2021-06-09 10:15,8.35,12.55
2021-06-09 10:30,8.45,12.65
2021-06-09 10:45,8.45,12.65
2021-06-09 11:00,8.45,12.65
2021-06-09 11:15,8.45,12.6
2021-06-09 11:30,8.55,12.7
2021-06-09 11:45,8.55,12.7
2021-06-09 12:00,8.55,12.7
2021-06-09 12:15,8.65,12.9
2021-06-09 12:30,8.75,12.9
2021-06-09 12:45,8.8,13
2021-06-09 13:00,8.8,13
2021-06-09 13:15,8.9,13.05
2021-06-09 13:30,9,13.2
2021-06-09 13:45,9.15,13.4
2021-06-09 14:00,9.15,13.4
2021-06-09 14:15,9.25,13.5
2021-06-09 14:30,9.35,13.6
2021-06-09 14:45,9.4,13.6
2021-06-09 15:00,9.4,13.6
2021-06-09 15:15,9.5,13.75
2021-06-09 15:30,9.6,13.9
2021-06-09 15:45,9.6,13.9
2021-06-09 16:00,9.6,13.9
2021-06-09 16:15,9.55,13.8
2021-06-09 16:30,9.5,13.8
2021-06-09 16:45,9.55,13.8
2021-06-09 17:00,9.55,13.8
2021-06-09 17:15,9.5,13.75
2021-06-09 17:30,9.5,13.75
2021-06-09 17:45,9.35,13.6
2021-06-09 18:00,9.35,13.6
2021-06-09 18:15,9.55,13.55
2021-06-09 18:30,9.5,13.5
2021-06-09 18:45,8.75,12.7
2021-06-09 19:00,8.6,12.4
2021-06-09 19:15,6.9,12.1
2021-06-09 19:30,6.9,12.1
2021-06-09 19:45,6.7,11.8
2021-06-09 20:00,6.8,11.8
2021-06-09 20:15,7.1,11.6
2021-06-09 20:30,7.2,11.9
2021-06-09 20:45,14.45,13.45
2021-06-09 21:00,14.45,13.45
2021-06-09 21:15,14.675,13.7875
2021-06-09 21:30,15.1,14.0375
2021-06-09 21:45,15.1,14.1375
2021-06-09 22:00,15.1,14.1375
2021-06-09 22:15,15.1625,14.2125
2021-06-09 22:30,15.25,14.2875
2021-06-09 22:45,15.3625,14.325
2021-06-09 23:00,15.3625,14.325
2021-06-09 23:15,15.4125,14.375
2021-06-09 23:30,15.5,14.3875
2021-06-09 23:45,15.7875,14.5875
2021-06-10 0:00,15.7875,14.5875
2021-06-10 0:15,15.7875,14.5875
2021-06-10 0:30,15.7875,14.5875
2021-06-10 0:45,15.925,14.6625
2021-06-10 1:00,15.925,14.6625
2021-06-10 1:15,15.975,14.7125
2021-06-10 1:30,16.0375,14.7125
2021-06-10 1:45,16.1,14.8
2021-06-10 2:00,16.1,14.8
2021-06-10 2:15,16.1,14.8
2021-06-10 2:30,16.2375,14.8875
2021-06-10 2:45,16.375,14.975
2021-06-10 3:00,16.375,14.975
2021-06-10 3:15,16.3875,14.9875
2021-06-10 3:30,16.4375,15.05
2021-06-10 3:45,16.4875,15.0875
2021-06-10 4:00,16.5125,15.15
2021-06-10 4:15,16.575,15.175
2021-06-10 4:30,16.6375,15.2125
2021-06-10 4:45,16.6875,15.2375
2021-06-10 5:00,16.6875,15.2875
2021-06-10 5:15,16.7875,15.3375
2021-06-10 5:30,16.8125,15.375
2021-06-10 5:45,16.85,15.4
2021-06-10 6:00,16.9,15.4375
2021-06-10 6:15,16.9375,15.4625
2021-06-10 6:30,16.9625,15.525
2021-06-10 6:45,17.0375,15.575
2021-06-10 7:00,17.05,15.5625
2021-06-10 7:15,17.05,15.575
2021-06-10 7:30,17.1,15.6375
2021-06-10 7:45,17.15,15.675
2021-06-10 8:00,12.9,12.9
2021-06-10 8:15,12.9,12.9
2021-06-10 8:30,11.85,13.05
2021-06-10 8:45,11.6,12.7
2021-06-10 9:00,11.45,12.55
2021-06-10 9:15,11.35,12.45
2021-06-10 9:30,11.3,12.4
2021-06-10 9:45,13.9,11.2
2021-06-10 10:00,14.3,12.85
2021-06-10 10:15,14.3,12.85
2021-06-10 10:30,11.26666667,13.63333333
2021-06-10 10:45,10.56666667,12.93333333
2021-06-10 11:00,10.23333333,12.56666667
2021-06-10 11:15,9.733333333,12.06666667
2021-06-10 11:30,9.2,11.46666667
2021-06-10 11:45,8.466666667,10.66666667
2021-06-10 12:00,8.166666667,10.1
2021-06-10 12:15,8.166666667,10.1
2021-06-10 12:30,8,9.766666667
2021-06-10 12:45,8.333333333,9.5
2021-06-10 13:00,8.333333333,9.5
2021-06-10 13:15,8.333333333,9.5
2021-06-10 13:30,8.466666667,9.633333333
2021-06-10 13:45,8.366666667,9.6
2021-06-10 14:00,8.333333333,9.533333333
2021-06-10 14:15,8.333333333,9.533333333
2021-06-10 14:30,8.5,9.733333333
2021-06-10 14:45,8.433333333,9.633333333
2021-06-10 15:00,8.266666667,9.5
2021-06-10 15:15,8.266666667,9.5
2021-06-10 15:30,7.05,10.45
2021-06-10 15:45,6.95,10.65
2021-06-10 16:00,7.3,10.95
2021-06-10 16:15,7.3,10.95
2021-06-10 16:30,7.4,11
2021-06-10 16:45,7.8,11.8
2021-06-10 17:00,7.8,12.4
2021-06-10 17:15,7.8,12.4
2021-06-10 17:30,7.8,12.6
2021-06-10 17:45,7.9,12.8
2021-06-10 18:00,8.2,13
2021-06-10 18:15,8.2,13
2021-06-10 18:30,8,12.8
2021-06-10 18:45,8,12.7
2021-06-10 19:00,7.8,12.6
2021-06-10 19:15,7.7,12.4
2021-06-10 19:30,7.6,12.3
2021-06-10 19:45,7.4,11.9
2021-06-10 20:00,14.9875,13.8625
2021-06-10 20:15,14.9875,13.8625
2021-06-10 20:30,15.1625,14.0125
2021-06-10 20:45,15.475,14.3125
2021-06-10 21:00,16,14.8125
2021-06-10 21:15,16,14.8125
2021-06-10 21:30,16.1625,15
2021-06-10 21:45,16.3875,15.425
2021-06-10 22:00,16.5375,15.5375
2021-06-10 22:15,16.5875,15.6125
2021-06-10 22:30,16.65,15.675
2021-06-10 22:45,16.675,15.775
2021-06-10 23:00,16.8,15.8375
2021-06-10 23:15,16.8375,15.8375
2021-06-10 23:30,16.8625,15.8875
2021-06-10 23:45,16.8625,15.8875
2021-06-11 0:00,17.1125,16.05
2021-06-11 0:15,17.1125,16.05
2021-06-11 0:30,17.15,16.1
2021-06-11 0:45,17.225,16.125
2021-06-11 1:00,17.2375,16.15
2021-06-11 1:15,17.2875,16.1875
2021-06-11 1:30,17.325,16.2125
2021-06-11 1:45,17.375,16.25
2021-06-11 2:00,17.4375,16.2875
2021-06-11 2:15,17.4875,16.325
2021-06-11 2:30,17.525,16.3375
2021-06-11 2:45,17.575,16.4
2021-06-11 3:00,17.65,16.4375
2021-06-11 3:15,17.7125,16.5
2021-06-11 3:30,17.7125,16.5
2021-06-11 3:45,17.75,16.525
2021-06-11 4:00,17.8875,16.6375
2021-06-11 4:15,17.8875,16.6375
2021-06-11 4:30,17.8875,16.6375
2021-06-11 4:45,17.9375,16.65
2021-06-11 5:00,17.95,16.6875
2021-06-11 5:15,18.05,16.75
2021-06-11 5:30,18.05,16.75
2021-06-11 5:45,18.075,16.775
2021-06-11 6:00,18.125,16.825
2021-06-11 6:15,18.1875,16.85
2021-06-11 6:30,18.1875,16.85
2021-06-11 6:45,18.225,16.8875
2021-06-11 7:00,18.25,16.9125
2021-06-11 7:15,18.325,16.9625
2021-06-11 7:30,18.325,16.9625
2021-06-11 7:45,18.3625,16.9875
2021-06-11 8:00,18.3625,16.9875
2021-06-11 8:15,10.9,15.25
2021-06-11 8:30,10.9,15.25
2021-06-11 8:45,10.9,15.25
2021-06-11 9:00,10.85,14.95
2021-06-11 9:15,10,14.4
2021-06-11 9:30,9.65,14
2021-06-11 9:45,9.2,13.5
2021-06-11 10:00,8.95,13.2
2021-06-11 10:15,8.45,12.7
2021-06-11 10:30,8.45,12.65
2021-06-11 10:45,8.05,12.3
2021-06-11 11:00,8.1,12.3
2021-06-11 11:15,7.75,12
2021-06-11 11:30,7.7,11.9
2021-06-11 11:45,7.75,12
2021-06-11 12:00,7.55,11.65
2021-06-11 12:15,7.45,11.4
2021-06-11 12:30,7.55,11.5
2021-06-11 12:45,7.45,11.3
2021-06-11 13:00,7.45,11.2
2021-06-11 13:15,7.65,11.4
2021-06-11 13:30,7.65,11.4
2021-06-11 13:45,7.75,11.55
2021-06-11 14:00,7.9,11.8
2021-06-11 14:15,7.65,11.5
2021-06-11 14:30,7.7,11.6
2021-06-11 14:45,7.65,11.6
2021-06-11 15:00,8,11.6
2021-06-11 15:15,7.85,11.75
2021-06-11 15:30,7.85,11.7
2021-06-11 15:45,7.85,11.7
2021-06-11 16:00,7.8,11.7
2021-06-11 16:15,7.8,11.7
2021-06-11 16:30,7.8,11.7
2021-06-11 16:45,7.8,11.75
2021-06-11 17:00,7.7,11.65
2021-06-11 17:15,7.7,11.65
2021-06-11 17:30,7.65,11.6
2021-06-11 17:45,7.45,11.3
2021-06-11 18:00,7.35,11.1
2021-06-11 18:15,6.9,11.2
2021-06-11 18:30,7.3,11.6
2021-06-11 18:45,7.3,11.6
2021-06-11 19:00,7.2,11.6
2021-06-11 19:15,6.2,11.3
2021-06-11 19:30,6.2,11.3
2021-06-11 19:45,6.2,11.3
2021-06-11 20:00,6.2,11.3
2021-06-11 20:15,7.1,10.9
2021-06-11 20:30,14.7625,13.8
2021-06-11 20:45,14.7625,13.8
2021-06-11 21:00,14.7625,13.8
2021-06-11 21:15,15.1375,14.1875
2021-06-11 21:30,15.6,14.675
2021-06-11 21:45,15.6,14.675
2021-06-11 22:00,15.6875,14.75
2021-06-11 22:15,15.7875,14.8125
2021-06-11 22:30,15.925,14.925
2021-06-11 22:45,15.925,14.925
2021-06-11 23:00,16,14.9375
2021-06-11 23:15,16.05,15.0125
2021-06-11 23:30,16.15,15.0875
2021-06-11 23:45,16.15,15.0875
2021-06-12 0:00,16.15,15.0875
2021-06-12 0:15,16.35,15.1625
2021-06-12 0:30,16.35,15.1625
2021-06-12 0:45,16.45,15.2125
2021-06-12 1:00,16.4625,15.275
2021-06-12 1:15,16.5375,15.2875
2021-06-12 1:30,16.6125,15.3625
2021-06-12 1:45,16.6125,15.3625
2021-06-12 2:00,16.6875,15.4125
2021-06-12 2:15,16.75,15.425
2021-06-12 2:30,16.8625,15.5125
2021-06-12 2:45,16.8625,15.5125
2021-06-12 3:00,16.9,15.5375
2021-06-12 3:15,16.9625,15.5625
2021-06-12 3:30,17.0625,15.6625
2021-06-12 3:45,17.0625,15.6625
2021-06-12 4:00,17.1375,15.6875
2021-06-12 4:15,17.1375,15.6875
2021-06-12 4:30,17.2,15.7625
2021-06-12 4:45,17.2125,15.7875
2021-06-12 5:00,17.325,15.825
2021-06-12 5:15,17.325,15.825
2021-06-12 5:30,17.4125,15.9375
2021-06-12 5:45,17.4125,15.9375
2021-06-12 6:00,17.4625,15.9625
2021-06-12 6:15,17.4875,15.975
2021-06-12 6:30,17.5875,16.0875
2021-06-12 6:45,17.5875,16.0875
2021-06-12 7:00,17.625,16.075
2021-06-12 7:15,17.675,16.15
2021-06-12 7:30,17.7125,16.2
2021-06-12 7:45,17.7125,16.2125
2021-06-12 8:00,17.775,16.25
2021-06-12 8:15,17.8,16.275
2021-06-12 8:30,17.05,15.675
2021-06-12 8:45,17.525,16.1625
2021-06-12 9:00,17.775,16.4125
2021-06-12 9:15,17.6875,16.35
2021-06-12 9:30,11.9,14.4
2021-06-12 9:45,11.4,13.8
2021-06-12 10:00,11.4,13.8
2021-06-12 10:15,11.4,13.8
2021-06-12 10:30,10.6,12.7
2021-06-12 10:45,10.6,12.7
2021-06-12 11:00,10.6,12.7
2021-06-12 11:15,10.4,12.6
2021-06-12 11:30,10.2,12.4
2021-06-12 11:45,9.9,12
2021-06-12 12:00,9.9,12
2021-06-12 12:15,17.15,16.05
2021-06-12 12:30,17.15,16.05
2021-06-12 12:45,9.7,11.8
2021-06-12 13:00,9.7,11.8
2021-06-12 13:15,9.5,11.6
2021-06-12 13:30,9.5,11.6
2021-06-12 13:45,9.2,11.2
2021-06-12 14:00,9.2,11.2
2021-06-12 14:15,9.1,11.1
2021-06-12 14:30,9.1,11.1
2021-06-12 14:45,10.9,11.1
2021-06-12 15:00,10.9,11.1
2021-06-12 15:15,9,10.9
2021-06-12 15:30,9.1,11
2021-06-12 15:45,8.8,10.7
2021-06-12 16:00,8.8,10.7
2021-06-12 16:15,8.7,10.7
2021-06-12 16:30,8.5,10.4
2021-06-12 16:45,8.3,10.3
2021-06-12 17:00,8.3,10.3
2021-06-12 17:15,8.2,10.1
2021-06-12 17:30,8.1,10
2021-06-12 17:45,7.9,9.9
2021-06-12 18:00,7.6,9.6
2021-06-12 18:15,7.6,9.6
2021-06-12 18:30,7.1,9.3
2021-06-12 18:45,6.9,9
2021-06-12 19:00,16.1,15.625
2021-06-12 19:15,16.1,15.625
2021-06-12 19:30,16.275,15.825
2021-06-12 19:45,16.375,15.975
2021-06-12 20:00,16.55,16.125
2021-06-12 20:15,16.5875,16.15
2021-06-12 20:30,16.75,16.275
2021-06-12 20:45,16.9375,16.4125
2021-06-12 21:00,16.9625,16.4875
2021-06-12 21:15,16.9625,16.4875
2021-06-12 21:30,17.25,16.7875
2021-06-12 21:45,17.3875,16.875
2021-06-12 22:00,17.4375,16.875
2021-06-12 22:15,17.4875,16.9125
2021-06-12 22:30,17.5125,16.95
2021-06-12 22:45,17.5875,16.9625
2021-06-12 23:00,17.5875,17
2021-06-12 23:15,17.5875,17
2021-06-12 23:30,17.7125,17.0625
2021-06-12 23:45,17.7125,17.0625
2021-06-13 0:00,17.8625,17.1625
2021-06-13 0:15,17.8625,17.1625
2021-06-13 0:30,17.8625,17.1625
2021-06-13 0:45,17.95,17.175
2021-06-13 1:00,18.025,17.1875
2021-06-13 1:15,18.025,17.1875
2021-06-13 1:30,18.025,17.1875
2021-06-13 1:45,18.1875,17.3125
2021-06-13 2:00,18.1875,17.3125
2021-06-13 2:15,18.1875,17.3125
2021-06-13 2:30,18.1875,17.3125
2021-06-13 2:45,18.2625,17.3375
2021-06-13 3:00,18.3375,17.375
2021-06-13 3:15,18.3375,17.375
2021-06-13 3:30,18.3875,17.3875
2021-06-13 3:45,18.4125,17.425
2021-06-13 4:00,18.4625,17.475
2021-06-13 4:15,18.4625,17.475
2021-06-13 4:30,18.4625,17.475
2021-06-13 4:45,18.5375,17.5
2021-06-13 5:00,18.575,17.55
2021-06-13 5:15,18.575,17.55
2021-06-13 5:30,18.6375,17.6
2021-06-13 5:45,18.6625,17.625
2021-06-13 6:00,18.7125,17.6375
2021-06-13 6:15,18.7125,17.6375
2021-06-13 6:30,18.725,17.675
2021-06-13 6:45,18.775,17.6875
2021-06-13 7:00,18.825,17.7125
2021-06-13 7:15,18.825,17.7125
2021-06-13 7:30,18.85,17.775
2021-06-13 7:45,18.8875,17.7625
2021-06-13 8:00,18.95,17.825
2021-06-13 8:15,18.95,17.8
2021-06-13 8:30,18.9875,17.8125
2021-06-13 8:45,18.6375,17.6125
2021-06-13 9:00,18.9,17.8625
2021-06-13 9:15,15.2,15.5
2021-06-13 9:30,12.3,14.6
2021-06-13 9:45,11.8,14.3
2021-06-13 10:00,11.5,14
2021-06-13 10:15,11.2,13.7
2021-06-13 10:30,10.7,13
2021-06-13 10:45,10.7,13
2021-06-13 11:00,18.5375,17.575
2021-06-13 11:15,9.8,12
2021-06-13 11:30,9.7,11.7
2021-06-13 11:45,10.2,12.5
2021-06-13 12:00,9.5,11.5
2021-06-13 12:15,9.3,11.3
2021-06-13 12:30,9.1,11
2021-06-13 12:45,8.9,10.8
2021-06-13 13:00,8.5,10.4
2021-06-13 13:15,8.4,10.2
2021-06-13 13:30,8.4,10.2
2021-06-13 13:45,8.2,9.9
2021-06-13 14:00,7.9,9.6
2021-06-13 14:15,7.8,9.6
2021-06-13 14:30,17.9625,17.325
2021-06-13 14:45,17.9625,17.325
2021-06-13 15:00,18.025,17.475
2021-06-13 15:15,18.0625,17.525
2021-06-13 15:30,18.075,17.5625
2021-06-13 15:45,18.075,17.5625
2021-06-13 16:00,18.3375,17.7875
2021-06-13 16:15,18.475,17.9
2021-06-13 16:30,18.475,17.9
2021-06-13 16:45,10.3,12.4
2021-06-13 17:00,10.3,12.4
2021-06-13 17:15,9.8,11.9
2021-06-13 17:30,9.8,11.9
2021-06-13 17:45,9.6,11.5
2021-06-13 18:00,9.2,11.2
2021-06-13 18:15,8.9,10.8
2021-06-13 18:30,8.9,10.8
2021-06-13 18:45,8.6,10.5
2021-06-13 19:00,8.4,10.4
2021-06-13 19:15,7.8,9.7
2021-06-13 19:30,7.8,9.7
2021-06-13 19:45,7.5,9.4
2021-06-13 20:00,7.5,9.4
2021-06-13 20:15,18.15,17.625
2021-06-13 20:30,18.15,17.625
2021-06-13 20:45,18.175,17.6625
2021-06-13 21:00,18.175,17.6625
2021-06-13 21:15,18.375,17.9625
2021-06-13 21:30,18.375,17.9625
2021-06-13 21:45,18.425,18
2021-06-13 22:00,18.45,18.0375
2021-06-13 22:15,18.45,18.0875
2021-06-13 22:30,18.45,18.0875
2021-06-13 22:45,18.45,18.05
2021-06-13 23:00,18.4625,18.1125
2021-06-13 23:15,18.5125,18.125
2021-06-13 23:30,18.5375,18.1375
2021-06-13 23:45,18.5375,18.1375
2021-06-14 0:00,18.6625,18.2
2021-06-14 0:15,18.6625,18.2
2021-06-14 0:30,18.6625,18.2
2021-06-14 0:45,18.65,18.225
2021-06-14 1:00,18.7,18.2375
2021-06-14 1:15,18.7625,18.2625
2021-06-14 1:30,18.7875,18.2625
2021-06-14 1:45,18.775,18.275
2021-06-14 2:00,18.8125,18.2625
2021-06-14 2:15,18.8625,18.3375
2021-06-14 2:30,18.8625,18.3375
2021-06-14 2:45,18.9125,18.35
2021-06-14 3:00,18.925,18.35
2021-06-14 3:15,19,18.3875
2021-06-14 3:30,19,18.3875
2021-06-14 3:45,19.0375,18.425
2021-06-14 4:00,19.0125,18.425
2021-06-14 4:15,19.0875,18.4375
2021-06-14 4:30,19.0625,18.45
2021-06-14 4:45,19.1,18.5125
2021-06-14 5:00,19.1125,18.4875
2021-06-14 5:15,19.175,18.5375
2021-06-14 5:30,19.175,18.5375
2021-06-14 5:45,19.2,18.5125
2021-06-14 6:00,19.2125,18.5625
2021-06-14 6:15,19.275,18.5625
2021-06-14 6:30,19.2625,18.5875
2021-06-14 6:45,19.3125,18.625
2021-06-14 7:00,19.35,18.6125
2021-06-14 7:15,19.4,18.6125
2021-06-14 7:30,19.4,18.6125
2021-06-14 7:45,19.4,18.6125
2021-06-14 8:00,17.8375,17.2875
2021-06-14 8:15,17.8375,17.2875
2021-06-14 8:30,10.85,11.7
2021-06-14 8:45,10.85,11.7
2021-06-14 9:00,10.85,11.7
2021-06-14 9:15,10.05,10.7
2021-06-14 9:30,9.7,10.25
2021-06-14 9:45,9.7,10.25
2021-06-14 10:00,9.65,10.15
2021-06-14 10:15,9.55,9.95
2021-06-14 10:30,9.5,9.9
2021-06-14 10:45,9.5,9.9
2021-06-14 11:00,9.5,9.85
2021-06-14 11:15,9.35,9.8
2021-06-14 11:30,9.3,9.65
2021-06-14 11:45,9.25,9.55
2021-06-14 12:00,9.35,9.65
2021-06-14 12:15,9.3,9.65
2021-06-14 12:30,9.3,9.65
2021-06-14 12:45,9.35,9.6
2021-06-14 13:00,9.45,9.7
2021-06-14 13:15,9.7,10
2021-06-14 13:30,9.7,10
2021-06-14 13:45,9.45,9.75
2021-06-14 14:00,9.55,9.85
2021-06-14 14:15,9.6,9.95
2021-06-14 14:30,9.55,9.85
2021-06-14 14:45,9.65,9.95
2021-06-14 15:00,9.55,9.85
2021-06-14 15:15,9.55,9.85
2021-06-14 15:30,9.75,10.1
2021-06-14 15:45,9.6,10
2021-06-14 16:00,9.55,9.9
2021-06-14 16:15,9.5,9.85
2021-06-14 16:30,9.6,9.95
2021-06-14 16:45,9.65,10.05
2021-06-14 17:00,9.35,9.75
2021-06-14 17:15,9.35,9.65
2021-06-14 17:30,9.3,9.55
2021-06-14 17:45,9.25,9.45
2021-06-14 18:00,9.15,9.45
2021-06-14 18:15,7,10.2
2021-06-14 18:30,7.3,10.3
2021-06-14 18:45,7.3,10.2
2021-06-14 19:00,7.5,10.4
2021-06-14 19:15,7.3,10.2
2021-06-14 19:30,7.3,10.1
2021-06-14 19:45,7.3,10.2
2021-06-14 20:00,7.4,10.3
2021-06-14 20:15,7.4,10
2021-06-14 20:30,7.4,10
2021-06-14 20:45,7.3,9.9
2021-06-14 21:00,7.4,10
2021-06-14 21:15,14.875,15.0375
2021-06-14 21:30,14.7125,14.675
2021-06-14 21:45,14.7375,14.7
2021-06-14 22:00,15.0625,15.25
2021-06-14 22:15,15.225,15.45
2021-06-14 22:30,15.3125,15.55
2021-06-14 22:45,15.3625,15.6125
2021-06-14 23:00,15.3625,15.6125
2021-06-14 23:15,15.3625,15.6125
2021-06-14 23:30,15.4375,15.6625
2021-06-14 23:45,15.55,15.7125
2021-06-15 0:00,15.8,15.8125
2021-06-15 0:15,15.8,15.8125
2021-06-15 0:30,15.875,15.8375
2021-06-15 0:45,15.875,15.8375
2021-06-15 1:00,15.9375,15.8875
2021-06-15 1:15,16.075,15.9375
2021-06-15 1:30,16.075,15.9375
2021-06-15 1:45,16.05,15.95
2021-06-15 2:00,16.1375,15.975
2021-06-15 2:15,16.2,16.0125
2021-06-15 2:30,16.2625,16.05
2021-06-15 2:45,16.2625,16.05
2021-06-15 3:00,16.3375,16.1125
2021-06-15 3:15,16.3625,16.1375
2021-06-15 3:30,16.4125,16.1875
2021-06-15 3:45,16.4125,16.1875
2021-06-15 4:00,16.5,16.2125
2021-06-15 4:15,16.525,16.2375
2021-06-15 4:30,16.55,16.2875
2021-06-15 4:45,16.55,16.2875
2021-06-15 5:00,16.6375,16.3125
2021-06-15 5:15,16.65,16.3375
2021-06-15 5:30,16.7,16.4
2021-06-15 5:45,16.775,16.4625
2021-06-15 6:00,16.775,16.4625
2021-06-15 6:15,16.8,16.4625
2021-06-15 6:30,16.85,16.525
2021-06-15 6:45,16.85,16.525
2021-06-15 7:00,16.9,16.5625
2021-06-15 7:15,16.9375,16.5875
2021-06-15 7:30,17.0125,16.625
2021-06-15 7:45,17.05,16.675
2021-06-15 8:00,17.0375,16.6625
2021-06-15 8:15,17.1,16.725
2021-06-15 8:30,9.45,13.65
2021-06-15 8:45,10.25,14.35
2021-06-15 9:00,8.95,13.2
2021-06-15 9:15,8.8,12.85
2021-06-15 9:30,8.25,12.5
2021-06-15 9:45,8.45,12.4
2021-06-15 10:00,8.05,12.15
2021-06-15 10:15,7.85,11.9
2021-06-15 10:30,7.65,11.6
2021-06-15 10:45,7.6,11.5
2021-06-15 11:00,7.55,11.4
2021-06-15 11:15,7.55,11.4
2021-06-15 11:30,7.55,11.3
2021-06-15 11:45,7.55,11.3
2021-06-15 12:00,7.65,11.5
2021-06-15 12:15,7.5,11.2
2021-06-15 12:30,7.7,11.35
2021-06-15 12:45,7.7,11.35
2021-06-15 13:00,7.7,11.4
2021-06-15 13:15,7.7,11.4
2021-06-15 13:30,7.65,11.4
2021-06-15 13:45,7.55,11.3
2021-06-15 14:00,7.7,11.4
2021-06-15 14:15,7.7,11.4
2021-06-15 14:30,7.45,11.05
2021-06-15 14:45,7.65,11.25
2021-06-15 15:00,7.65,11.25
2021-06-15 15:15,7.55,11
2021-06-15 15:30,7.55,11.15
2021-06-15 15:45,7.45,11
2021-06-15 16:00,7.45,11
2021-06-15 16:15,7.75,11.3
2021-06-15 16:30,7.75,11.3
2021-06-15 16:45,7.75,11.4
2021-06-15 17:00,7.75,11.4
2021-06-15 17:15,7.6,11.3
2021-06-15 17:30,7.6,11.3
2021-06-15 17:45,7.7,11.4
2021-06-15 18:00,7.7,11.4
2021-06-15 18:15,7.2,11.7
2021-06-15 18:30,7.2,11.7
2021-06-15 18:45,7,11.6
2021-06-15 19:00,6.9,11.4
2021-06-15 19:15,6.8,11.3
2021-06-15 19:30,6.9,11.1
2021-06-15 19:45,7,10.7
2021-06-15 20:00,7,10.7
2021-06-15 20:15,7,10.6
2021-06-15 20:30,6.7,10.3
2021-06-15 20:45,14.725,13.25
2021-06-15 21:00,14.725,13.25
2021-06-15 21:15,15.175,13.675
2021-06-15 21:30,15.65,14.35
2021-06-15 21:45,15.875,14.6125
2021-06-15 22:00,15.9875,14.6875
2021-06-15 22:15,16.0375,14.775
2021-06-15 22:30,16.0875,14.8375
2021-06-15 22:45,16.1875,14.9
2021-06-15 23:00,16.2625,14.95
2021-06-15 23:15,16.275,14.975
2021-06-15 23:30,16.3625,15.05
2021-06-15 23:45,16.6125,15.2125
2021-06-16 0:00,16.6125,15.2125
2021-06-16 0:15,16.6125,15.2125
2021-06-16 0:30,16.6125,15.2125
2021-06-16 0:45,16.725,15.225
2021-06-16 1:00,16.725,15.225
2021-06-16 1:15,16.8125,15.275
2021-06-16 1:30,16.85,15.325
2021-06-16 1:45,16.95,15.35
2021-06-16 2:00,17,15.35
2021-06-16 2:15,17,15.375
2021-06-16 2:30,17.05,15.3875
2021-06-16 2:45,17.15,15.45
2021-06-16 3:00,17.1625,15.4625
2021-06-16 3:15,17.175,15.5
2021-06-16 3:30,17.2375,15.5375
2021-06-16 3:45,17.2375,15.5375
2021-06-16 4:00,17.3,15.6125
2021-06-16 4:15,17.3625,15.625
2021-06-16 4:30,17.3375,15.65
2021-06-16 4:45,17.4125,15.7
2021-06-16 5:00,17.4625,15.725
2021-06-16 5:15,17.5125,15.775
2021-06-16 5:30,17.5125,15.775
2021-06-16 5:45,17.575,15.8375
2021-06-16 6:00,17.6125,15.8625
2021-06-16 6:15,17.6125,15.8625
2021-06-16 6:30,17.6375,15.875
2021-06-16 6:45,17.7125,15.9125
2021-06-16 7:00,17.7375,15.975
2021-06-16 7:15,17.7375,15.975
2021-06-16 7:30,17.8125,15.9625
2021-06-16 7:45,11.75,11.7
2021-06-16 8:00,11.75,12.85
2021-06-16 8:15,11.75,12.85
2021-06-16 8:30,8.8,13.6
2021-06-16 8:45,8.8,13.6
2021-06-16 9:00,11.1,11.85
2021-06-16 9:15,11.1,11.85
2021-06-16 9:30,10.8,11.55
2021-06-16 9:45,10.65,11.3
2021-06-16 10:00,10.65,11.3
2021-06-16 10:15,10.65,11.3
2021-06-16 10:30,10.7,11.35
2021-06-16 10:45,10.7,11.35
2021-06-16 11:00,10.6,11.25
2021-06-16 11:15,10.6,11.25
2021-06-16 11:30,10.7,11.35
2021-06-16 11:45,10.7,11.35
2021-06-16 12:00,10.5,11.15
2021-06-16 12:15,10.5,11.15
2021-06-16 12:30,10.65,11.6
2021-06-16 12:45,10.7,11.65
2021-06-16 13:00,10.8,11.8
2021-06-16 13:15,10.8,11.8
2021-06-16 13:30,10.85,11.9
2021-06-16 13:45,10.85,11.9
2021-06-16 14:00,11.15,11.9
2021-06-16 14:15,11.2,11.95
2021-06-16 14:30,11.25,11.95
2021-06-16 14:45,11.25,11.95
2021-06-16 15:00,11.35,12.05
2021-06-16 15:15,11.35,12.1
2021-06-16 15:30,11.35,12.1
2021-06-16 15:45,11.35,12.1
2021-06-16 16:00,11.45,12.1
2021-06-16 16:15,11.5,12.15
2021-06-16 16:30,11.45,12.2
2021-06-16 16:45,11.45,12.2
2021-06-16 17:00,11.4,12.1
2021-06-16 17:15,11.45,12.1
2021-06-16 17:30,11.45,12.15
2021-06-16 17:45,11.35,12
2021-06-16 18:00,11.25,11.95
2021-06-16 18:15,11.2,11.9
2021-06-16 18:30,11,11.65
2021-06-16 18:45,8,12.7
2021-06-16 19:00,8,12.7
2021-06-16 19:15,7.9,12.5
2021-06-16 19:30,7.2,11.7
2021-06-16 19:45,7.2,11.7
2021-06-16 20:00,7.2,11.7
2021-06-16 20:15,7,11.1
2021-06-16 20:30,15.575,14.4375
2021-06-16 20:45,15.575,14.4375
2021-06-16 21:00,15.8375,14.775
2021-06-16 21:15,15.9875,14.9125
2021-06-16 21:30,16.15,15.4875
2021-06-16 21:45,16.3125,15.725
2021-06-16 22:00,16.325,15.725
2021-06-16 22:15,16.3875,15.7625
2021-06-16 22:30,16.425,15.8125
2021-06-16 22:45,16.475,15.85
2021-06-16 23:00,16.4875,15.8625
2021-06-16 23:15,16.6125,15.9375
2021-06-16 23:30,16.6125,15.9375
2021-06-16 23:45,16.9375,16.1125
2021-06-17 0:00,16.9375,16.1125
2021-06-17 0:15,16.9375,16.1125
2021-06-17 0:30,16.9375,16.1125
2021-06-17 0:45,17.025,16.1875
2021-06-17 1:00,17.025,16.1875
2021-06-17 1:15,17.175,16.3
2021-06-17 1:30,17.175,16.3
2021-06-17 1:45,17.275,16.3375
2021-06-17 2:00,17.2875,16.35
2021-06-17 2:15,17.3875,16.4125
2021-06-17 2:30,17.3875,16.4125
2021-06-17 2:45,17.5125,16.4625
2021-06-17 3:00,17.5,16.4875
2021-06-17 3:15,17.6,16.5625
2021-06-17 3:30,17.6,16.5625
2021-06-17 3:45,17.675,16.625
2021-06-17 4:00,17.75,16.6625
2021-06-17 4:15,17.8125,16.725
2021-06-17 4:30,17.8125,16.725
2021-06-17 4:45,17.8875,16.7625
2021-06-17 5:00,17.8875,16.7625
2021-06-17 5:15,17.9875,16.85
2021-06-17 5:30,18.05,16.8625
2021-06-17 5:45,18.05,16.875
2021-06-17 6:00,18.05,16.875
2021-06-17 6:15,18.1625,16.975
2021-06-17 6:30,18.1875,17
2021-06-17 6:45,18.225,17.0125
2021-06-17 7:00,18.225,17.0125
2021-06-17 7:15,18.3,17.125
2021-06-17 7:30,18.3,17.125
2021-06-17 7:45,18.35,17.125
2021-06-17 8:00,11.75,14.55
2021-06-17 8:15,10.65,14.95
2021-06-17 8:30,10,14.1
2021-06-17 8:45,10.2,14.45
2021-06-17 9:00,10.2,14.45
2021-06-17 9:15,8.95,13.25
2021-06-17 9:30,8.95,13.25
2021-06-17 9:45,8.7,12.95
2021-06-17 10:00,8.7,12.95
2021-06-17 10:15,8.45,12.7
2021-06-17 10:30,8.15,12.3
2021-06-17 10:45,8.15,12.35
2021-06-17 11:00,8.1,12.3
2021-06-17 11:15,7.9,12.1
2021-06-17 11:30,7.9,12.1
2021-06-17 11:45,7.8,11.8
2021-06-17 12:00,7.75,11.8
2021-06-17 12:15,7.55,11.6
2021-06-17 12:30,7.55,11.6
2021-06-17 12:45,7.65,11.55
2021-06-17 13:00,7.6,11.5
2021-06-17 13:15,7.7,11.65
2021-06-17 13:30,7.7,11.65
2021-06-17 13:45,7.65,11.5
2021-06-17 14:00,7.75,11.5
2021-06-17 14:15,7.75,11.6
2021-06-17 14:30,7.65,11.5
2021-06-17 14:45,7.65,11.5
2021-06-17 15:00,7.75,11.5
2021-06-17 15:15,7.85,11.7
2021-06-17 15:30,7.75,11.6
2021-06-17 15:45,7.75,11.6
2021-06-17 16:00,7.8,11.55
2021-06-17 16:15,7.8,11.6
2021-06-17 16:30,7.85,11.7
2021-06-17 16:45,7.85,11.7
2021-06-17 17:00,7.65,11.45
2021-06-17 17:15,7.65,11.45
2021-06-17 17:30,7.7,11.5
2021-06-17 17:45,7.7,11.5
2021-06-17 18:00,7.5,11.2
2021-06-17 18:15,7.5,11.2
2021-06-17 18:30,7,10.8
2021-06-17 18:45,7,10.8
2021-06-17 19:00,6.8,10.5
2021-06-17 19:15,6.7,10.5
2021-06-17 19:30,6.6,10.3
2021-06-17 19:45,6.6,10.3
2021-06-17 20:00,6.2,9.9
2021-06-17 20:15,15.0625,13.8375
2021-06-17 20:30,15.525,14.2625
2021-06-17 20:45,15.7125,14.3625
2021-06-17 21:00,15.7625,14.4625
2021-06-17 21:15,16.0375,14.75
2021-06-17 21:30,16.3,15.0375
2021-06-17 21:45,16.3875,15.1
2021-06-17 22:00,16.425,15.15
2021-06-17 22:15,16.425,15.15
2021-06-17 22:30,16.575,15.2375
2021-06-17 22:45,16.65,15.3125
2021-06-17 23:00,16.7375,15.3375
2021-06-17 23:15,16.7875,15.3625
2021-06-17 23:30,16.85,15.425
2021-06-17 23:45,16.85,15.425
2021-06-18 0:00,17.1,15.5875
2021-06-18 0:15,17.1,15.5875
2021-06-18 0:30,17.1,15.5875
2021-06-18 0:45,17.15,15.625
2021-06-18 1:00,17.1625,15.6625
2021-06-18 1:15,17.2125,15.6875
2021-06-18 1:30,17.3125,15.7375
2021-06-18 1:45,17.3375,15.775
2021-06-18 2:00,17.375,15.8125
2021-06-18 2:15,17.45,15.85
2021-06-18 2:30,17.5,15.8625
2021-06-18 2:45,17.55,15.9125
2021-06-18 3:00,17.6375,16
2021-06-18 3:15,17.6375,16
2021-06-18 3:30,17.675,16.025
2021-06-18 3:45,17.75,16.0625
2021-06-18 4:00,17.75,16.0625
2021-06-18 4:15,17.775,16.1
2021-06-18 4:30,17.775,16.1
2021-06-18 4:45,17.8875,16.2125
2021-06-18 5:00,17.8875,16.2125
2021-06-18 5:15,17.9375,16.275
2021-06-18 5:30,17.9875,16.35
2021-06-18 5:45,18.025,16.3375
2021-06-18 6:00,18.025,16.3375
2021-06-18 6:15,18.0875,16.425
2021-06-18 6:30,18.0875,16.425
2021-06-18 6:45,18.175,16.4625
2021-06-18 7:00,18.175,16.4625
2021-06-18 7:15,18.25,16.525
2021-06-18 7:30,18.2875,16.55
2021-06-18 7:45,18.2875,16.55
2021-06-18 8:00,18.2875,16.5875
2021-06-18 8:15,12.05,13.25
2021-06-18 8:30,11.35,12.35
2021-06-18 8:45,11,11.85
2021-06-18 9:00,11,11.85
2021-06-18 9:15,10.4,11.1
2021-06-18 9:30,10.25,10.95
2021-06-18 9:45,9.85,10.45
2021-06-18 10:00,9.85,10.45
2021-06-18 10:15,9.5,10
2021-06-18 10:30,9.4,9.9
2021-06-18 10:45,9.25,9.7
2021-06-18 11:00,9.25,9.7
2021-06-18 11:15,9.05,9.5
2021-06-18 11:30,9.1,9.35
2021-06-18 11:45,9.05,9.15
2021-06-18 12:00,9.05,9.15
2021-06-18 12:15,9,9.05
2021-06-18 12:30,9.15,9.1
2021-06-18 12:45,9.05,9.1
2021-06-18 13:00,9.05,9.1
2021-06-18 13:15,9.35,9.4
2021-06-18 13:30,9.35,9.4
2021-06-18 13:45,9.25,9.3
2021-06-18 14:00,9.25,9.3
2021-06-18 14:15,9.3,9.4
2021-06-18 14:30,9.25,9.4
2021-06-18 14:45,9.3,9.4
2021-06-18 15:00,9.3,9.4
2021-06-18 15:15,9.05,9.1
2021-06-18 15:30,9.35,9.45
2021-06-18 15:45,9,9.1
2021-06-18 16:00,9,9.1
2021-06-18 16:15,9.05,9
2021-06-18 16:30,9.05,8.9
2021-06-18 16:45,8.85,8.8
2021-06-18 17:00,8.85,8.8
2021-06-18 17:15,8.9,8.75
2021-06-18 17:30,8.9,8.75
2021-06-18 17:45,8.9,8.7
2021-06-18 18:00,8.9,8.7
2021-06-18 18:15,7.3,10.5
2021-06-18 18:30,7.3,10.2
2021-06-18 18:45,7.3,10.1
2021-06-18 19:00,7.3,10.1
2021-06-18 19:15,7.3,10.1
2021-06-18 19:30,7.3,9.9
2021-06-18 19:45,7.5,10
2021-06-18 20:00,7.3,9.7
2021-06-18 20:15,7.3,9.7
2021-06-18 20:30,7.2,9.6
2021-06-18 20:45,7.2,9.5
2021-06-18 21:00,15.3625,14.2
2021-06-18 21:15,15.3625,14.2
2021-06-18 21:30,15.5875,14.9875
2021-06-18 21:45,15.7125,15.125
2021-06-18 22:00,15.8,15.2375
2021-06-18 22:15,15.8,15.2375
2021-06-18 22:30,15.8375,15.3
2021-06-18 22:45,15.925,15.3875
2021-06-18 23:00,15.9625,15.4125
2021-06-18 23:15,15.9625,15.4125
2021-06-18 23:30,16.1375,15.45
2021-06-18 23:45,16.1375,15.45
2021-06-19 0:00,16.3625,15.5875
2021-06-19 0:15,16.3625,15.5875
2021-06-19 0:30,16.3625,15.5875
2021-06-19 0:45,16.4375,15.675
2021-06-19 1:00,16.4625,15.6875
2021-06-19 1:15,16.4625,15.6875
2021-06-19 1:30,16.5625,15.7375
2021-06-19 1:45,16.6125,15.7875
2021-06-19 2:00,16.7,15.8125
2021-06-19 2:15,16.7625,15.85
2021-06-19 2:30,16.75,15.8625
2021-06-19 2:45,16.7875,15.8875
2021-06-19 3:00,16.8875,15.9375
2021-06-19 3:15,16.925,15.975
2021-06-19 3:30,16.9625,15.9875
2021-06-19 3:45,16.9375,15.9875
2021-06-19 4:00,16.9875,16.025
2021-06-19 4:15,17.075,16.0875
2021-06-19 4:30,17.1,16.1
2021-06-19 4:45,17.1375,16.1
2021-06-19 5:00,17.1625,16.1625
2021-06-19 5:15,17.2125,16.2
2021-06-19 5:30,17.2125,16.1625
2021-06-19 5:45,17.25,16.225
2021-06-19 6:00,17.3125,16.275
2021-06-19 6:15,17.3375,16.275
2021-06-19 6:30,17.3375,16.3
2021-06-19 6:45,17.3375,16.3
2021-06-19 7:00,17.45,16.4
2021-06-19 7:15,17.5,16.4
2021-06-19 7:30,17.5,16.4375
2021-06-19 7:45,17.525,16.4375
2021-06-19 8:00,17.525,16.4375
2021-06-19 8:15,10.9,13.3
2021-06-19 8:30,10.9,13.3
2021-06-19 8:45,10.5,12.8
2021-06-19 9:00,10,12.2
2021-06-19 9:15,9.8,12
2021-06-19 9:30,9.4,11.6
2021-06-19 9:45,9.4,11.6
2021-06-19 10:00,9.4,11.6
2021-06-19 10:15,9,11.2
2021-06-19 10:30,9,11.2
2021-06-19 10:45,8.9,11
2021-06-19 11:00,8.6,10.7
2021-06-19 11:15,8.5,10.6
2021-06-19 11:30,8.5,10.6
2021-06-19 11:45,8.2,10.2
2021-06-19 12:00,8.2,10.3
2021-06-19 12:15,8,10
2021-06-19 12:30,8,10
2021-06-19 12:45,8,10.1
2021-06-19 13:00,8,10.1
2021-06-19 13:15,7.8,9.8
2021-06-19 13:30,7.8,9.8
2021-06-19 13:45,7.9,9.9
2021-06-19 14:00,7.7,9.7
2021-06-19 14:15,7.7,9.7
2021-06-19 14:30,7.6,9.7
2021-06-19 14:45,7.4,9.5
2021-06-19 15:00,7.3,9.4
2021-06-19 15:15,7.2,9.4
2021-06-19 15:30,7.2,9.4
2021-06-19 15:45,7.1,9.2
2021-06-19 16:00,7.1,9.2
2021-06-19 16:15,15.675,15.725
2021-06-19 16:30,15.675,15.725
2021-06-19 16:45,16.025,15.9
2021-06-19 17:00,16.1875,16
2021-06-19 17:15,16.4625,16.325
2021-06-19 17:30,16.4625,16.325
2021-06-19 17:45,9.3,11.5
2021-06-19 18:00,9.2,11.3
2021-06-19 18:15,8.9,11.2
2021-06-19 18:30,8.7,11
2021-06-19 18:45,8.5,10.8
2021-06-19 19:00,8.2,10.4
2021-06-19 19:15,8,10.2
2021-06-19 19:30,7.7,9.9
2021-06-19 19:45,7.7,9.9
2021-06-19 20:00,7.3,9.5
2021-06-19 20:15,6.9,9.2
2021-06-19 20:30,16.275,16.0125
2021-06-19 20:45,16.3,16.0875
2021-06-19 21:00,16.2875,16.1125
2021-06-19 21:15,16.6125,16.35
2021-06-19 21:30,16.6125,16.35
2021-06-19 21:45,16.7625,16.5375
2021-06-19 22:00,16.8,16.5625
2021-06-19 22:15,16.8375,16.6
2021-06-19 22:30,16.8375,16.6
2021-06-19 22:45,16.8625,16.65
2021-06-19 23:00,16.875,16.6875
2021-06-19 23:15,16.875,16.6875
2021-06-19 23:30,17,16.775
2021-06-19 23:45,17.1,16.8
2021-06-20 0:00,17.1,16.8
2021-06-20 0:15,17.1,16.8
2021-06-20 0:30,17.15,16.825
2021-06-20 0:45,17.2,16.9125
2021-06-20 1:00,17.2,16.9125
2021-06-20 1:15,17.225,16.925
2021-06-20 1:30,17.2875,16.9
2021-06-20 1:45,17.2875,16.9
2021-06-20 2:00,17.325,16.9375
2021-06-20 2:15,17.4125,17
2021-06-20 2:30,17.45,17.025
2021-06-20 2:45,17.45,17.025
2021-06-20 3:00,17.5125,17.0375
2021-06-20 3:15,17.55,17.1
2021-06-20 3:30,17.55,17.075
2021-06-20 3:45,17.55,17.075
2021-06-20 4:00,17.5875,17.15
2021-06-20 4:15,17.65,17.175
2021-06-20 4:30,17.6875,17.2125
2021-06-20 4:45,17.6875,17.2125
2021-06-20 5:00,17.725,17.25
2021-06-20 5:15,17.8125,17.25
2021-06-20 5:30,17.8375,17.3
2021-06-20 5:45,17.8375,17.3
2021-06-20 6:00,17.85,17.3125
2021-06-20 6:15,17.8875,17.35
2021-06-20 6:30,17.9375,17.4
2021-06-20 6:45,17.9375,17.4
2021-06-20 7:00,17.9625,17.4125
2021-06-20 7:15,17.9625,17.4125
2021-06-20 7:30,18.0625,17.4875
2021-06-20 7:45,18.0625,17.4875
2021-06-20 8:00,18.1125,17.5375
2021-06-20 8:15,18.1125,17.5375
2021-06-20 8:30,10.6,13
2021-06-20 8:45,9.9,12.4
2021-06-20 9:00,9.9,12.3
2021-06-20 9:15,9.9,12.3
2021-06-20 9:30,9.5,12
2021-06-20 9:45,9.3,11.7
2021-06-20 10:00,9.3,11.7
2021-06-20 10:15,9.2,11.5
2021-06-20 10:30,9.1,11.2
2021-06-20 10:45,9.8,11.2
2021-06-20 11:00,9.3,11.3
2021-06-20 11:15,9.3,11.3
2021-06-20 11:30,9.7,11.1
2021-06-20 11:45,8.8,11.2
2021-06-20 12:00,9,11
2021-06-20 12:15,9.7,11
2021-06-20 12:30,8.7,11
2021-06-20 12:45,11.1,11.4
2021-06-20 13:00,9.2,11.3
2021-06-20 13:15,9.2,11.7
2021-06-20 13:30,8.9,11.6
2021-06-20 13:45,9.6,11.6
2021-06-20 14:00,10,11.7
2021-06-20 14:15,9.1,11.7
2021-06-20 14:30,9.6,11.6
2021-06-20 14:45,9.3,11.7
2021-06-20 15:00,8.8,11.5
2021-06-20 15:15,9.6,11.6
2021-06-20 15:30,9.6,11.6
2021-06-20 15:45,9.2,11.5
2021-06-20 16:00,9.1,11.7
2021-06-20 16:15,9.1,11.7
2021-06-20 16:30,9.6,11.6
2021-06-20 16:45,9.3,11.8
2021-06-20 17:00,9.3,11.8
2021-06-20 17:15,9.5,11.5
2021-06-20 17:30,8.9,11.6
2021-06-20 17:45,9.2,11.5
2021-06-20 18:00,9.2,11.5
2021-06-20 18:15,9,11.6
2021-06-20 18:30,9,11.6
2021-06-20 18:45,9.1,11.5
2021-06-20 19:00,9.1,11.5
2021-06-20 19:15,9.7,11.3
2021-06-20 19:30,9.7,11.3
2021-06-20 19:45,9.6,11.2
2021-06-20 20:00,9.6,11.2
2021-06-20 20:15,8.5,11
2021-06-20 20:30,9.5,11.1
2021-06-20 20:45,17.5625,17.2
2021-06-20 21:00,17.5625,17.2
2021-06-20 21:15,17.75,17.5625
2021-06-20 21:30,17.8625,17.725
2021-06-20 21:45,17.8875,17.7875
2021-06-20 22:00,17.8875,17.7875
2021-06-20 22:15,17.975,17.8375
2021-06-20 22:30,18.025,17.8375
2021-06-20 22:45,18.05,17.8875
2021-06-20 23:00,18.05,17.8875
2021-06-20 23:15,18.1125,17.9375
2021-06-20 23:30,18.175,17.975
2021-06-20 23:45,18.2125,17.95
2021-06-21 0:00,18.2125,17.95
2021-06-21 0:15,18.2125,17.95
2021-06-21 0:30,18.3375,18.0125
2021-06-21 0:45,18.3875,18.025
2021-06-21 1:00,18.425,18.0625
2021-06-21 1:15,18.45,18.075
2021-06-21 1:30,18.4625,18.1125
2021-06-21 1:45,18.55,18.125
2021-06-21 2:00,18.6125,18.075
2021-06-21 2:15,18.625,18.1375
2021-06-21 2:30,18.6375,18.15
2021-06-21 2:45,18.6625,18.2
2021-06-21 3:00,18.7,18.225
2021-06-21 3:15,18.75,18.2
2021-06-21 3:30,18.8,18.2125
2021-06-21 3:45,18.8,18.2375
2021-06-21 4:00,18.875,18.2875
2021-06-21 4:15,18.8625,18.2375
2021-06-21 4:30,18.9,18.3
2021-06-21 4:45,18.925,18.2625
2021-06-21 5:00,18.925,18.2625
2021-06-21 5:15,19,18.35
2021-06-21 5:30,19.05,18.35
2021-06-21 5:45,19.075,18.3875
2021-06-21 6:00,19.0875,18.3875
2021-06-21 6:15,19.125,18.3875
2021-06-21 6:30,19.125,18.3875
2021-06-21 6:45,19.2125,18.4625
2021-06-21 7:00,19.2375,18.4625
2021-06-21 7:15,19.275,18.4625
2021-06-21 7:30,19.275,18.4625
2021-06-21 7:45,19.3,18.4875
2021-06-21 8:00,19.3,18.4875
2021-06-21 8:15,19.5125,18.325
2021-06-21 8:30,12.15,16.2
2021-06-21 8:45,10.25,14.5
2021-06-21 9:00,10.25,14.5
2021-06-21 9:15,10,14.2
2021-06-21 9:30,9.55,13.8
2021-06-21 9:45,9.35,13.6
2021-06-21 10:00,9.35,13.6
2021-06-21 10:15,9.05,13.35
2021-06-21 10:30,9.15,13.4
2021-06-21 10:45,9.1,13.3
2021-06-21 11:00,9,13.3
2021-06-21 11:15,9,13.3
2021-06-21 11:30,9.05,13.35
2021-06-21 11:45,9.1,13.4
2021-06-21 12:00,9,13.3
2021-06-21 12:15,9,13.3
2021-06-21 12:30,9.05,13.25
2021-06-21 12:45,9.1,13.3
2021-06-21 13:00,9.05,13.25
2021-06-21 13:15,9.05,13.25
2021-06-21 13:30,8.95,13.15
2021-06-21 13:45,8.95,13.2
2021-06-21 14:00,9.15,13.35
2021-06-21 14:15,9.15,13.35
2021-06-21 14:30,8.9,13.2
2021-06-21 14:45,8.9,13.2
2021-06-21 15:00,9,13.2
2021-06-21 15:15,9.1,13.2
2021-06-21 15:30,9,13.25
2021-06-21 15:45,9,13.2
2021-06-21 16:00,9,13.2
2021-06-21 16:15,9,13.2
2021-06-21 16:30,9,13.2
2021-06-21 16:45,9,13.2
2021-06-21 17:00,8.9,13.1
2021-06-21 17:15,8.65,12.85
2021-06-21 17:30,8.45,12.6
2021-06-21 17:45,8.45,12.6
2021-06-21 18:00,7.7,11.7
2021-06-21 18:15,8.3,11.3
2021-06-21 18:30,8.3,11.1
2021-06-21 18:45,8.3,11.1
2021-06-21 19:00,9.4,12.1
2021-06-21 19:15,9.5,12.5
2021-06-21 19:30,9.7,12.7
2021-06-21 19:45,9.6,12.7
2021-06-21 20:00,10,13
2021-06-21 20:15,10,13
2021-06-21 20:30,17.625,16
2021-06-21 20:45,17.625,16
2021-06-21 21:00,17.875,16.2625
2021-06-21 21:15,18.05,16.6125
2021-06-21 21:30,18.1,16.7125
2021-06-21 21:45,18.1875,16.775
2021-06-21 22:00,18.1875,16.775
2021-06-21 22:15,18.3,16.9125
2021-06-21 22:30,18.3875,16.95
2021-06-21 22:45,18.3875,16.95
2021-06-21 23:00,18.3875,16.95
2021-06-21 23:15,18.55,17.0375
2021-06-21 23:30,18.55,17.0375
2021-06-21 23:45,18.6375,17.0875
2021-06-22 0:00,18.6375,17.0875
2021-06-22 0:15,18.725,17.1375
2021-06-22 0:30,18.8,17.2375
2021-06-22 0:45,18.8625,17.2875
2021-06-22 1:00,18.9625,17.35
2021-06-22 1:15,18.9625,17.35
2021-06-22 1:30,18.975,17.3625
2021-06-22 1:45,19.0625,17.4375
2021-06-22 2:00,19.0625,17.4375
2021-06-22 2:15,19.15,17.45
2021-06-22 2:30,19.2,17.525
2021-06-22 2:45,19.2625,17.5875
2021-06-22 3:00,19.3,17.65
2021-06-22 3:15,19.3875,17.6875
2021-06-22 3:30,19.3875,17.6875
2021-06-22 3:45,19.45,17.7125
2021-06-22 4:00,19.4875,17.7375
2021-06-22 4:15,19.5375,17.8
2021-06-22 4:30,19.5375,17.8
2021-06-22 4:45,19.6125,17.85
2021-06-22 5:00,19.675,17.9
2021-06-22 5:15,19.7,17.95
2021-06-22 5:30,19.7,17.95
2021-06-22 5:45,19.75,17.9875
2021-06-22 6:00,19.8125,18
2021-06-22 6:15,19.85,18.1
2021-06-22 6:30,19.9,18.0875
2021-06-22 6:45,19.9,18.1375
2021-06-22 7:00,19.9125,18.1625
2021-06-22 7:15,19.9625,18.1875
2021-06-22 7:30,20.025,18.25
2021-06-22 7:45,20.05,18.2625
2021-06-22 8:00,20.0625,18.2625
2021-06-22 8:15,13.65,14.8
2021-06-22 8:30,13.65,14.7
2021-06-22 8:45,13.05,14.1
2021-06-22 9:00,12.8,13.75
2021-06-22 9:15,12.35,13.25
2021-06-22 9:30,12.35,13.25
2021-06-22 9:45,12.15,12.95
2021-06-22 10:00,12.05,12.85
2021-06-22 10:15,11.8,12.55
2021-06-22 10:30,11.8,12.55
2021-06-22 10:45,11.75,12.5
2021-06-22 11:00,11.75,12.5
2021-06-22 11:15,11.75,12.45
2021-06-22 11:30,11.75,12.45
2021-06-22 11:45,11.65,12.4
2021-06-22 12:00,11.65,12.4
2021-06-22 12:15,11.6,12.4
2021-06-22 12:30,11.6,12.4
2021-06-22 12:45,11.55,12.25
2021-06-22 13:00,11.6,12.3
2021-06-22 13:15,11.7,12.4
2021-06-22 13:30,11.7,12.4
2021-06-22 13:45,11.7,12.35
2021-06-22 14:00,11.65,12.35
2021-06-22 14:15,11.7,12.4
2021-06-22 14:30,11.7,12.4
2021-06-22 14:45,11.7,12.45
2021-06-22 15:00,11.7,12.4
2021-06-22 15:15,11.65,12.35
2021-06-22 15:30,11.65,12.35
2021-06-22 15:45,11.65,12.35
2021-06-22 16:00,11.7,12.4
2021-06-22 16:15,11.65,12.3
2021-06-22 16:30,11.55,12.25
2021-06-22 16:45,11.55,12.25
2021-06-22 17:00,11.55,12.25
2021-06-22 17:15,10.85,11.45
2021-06-22 17:30,10.6,11.2
2021-06-22 17:45,10.6,11.2
2021-06-22 18:00,7.7,12.4
2021-06-22 18:15,7.3,12
2021-06-22 18:30,7.3,12
2021-06-22 18:45,7.3,12
2021-06-22 19:00,7.3,11.7
2021-06-22 19:15,6.9,11.5
2021-06-22 19:30,7,11.2
2021-06-22 19:45,7,11.2
2021-06-22 20:00,6.5,10.8
2021-06-22 20:15,7,10.8
2021-06-22 20:30,15.7875,15.1375
2021-06-22 20:45,15.7875,15.1375
2021-06-22 21:00,16.225,15.55
2021-06-22 21:15,16.3,15.8375
2021-06-22 21:30,16.4,16.225
2021-06-22 21:45,16.4375,16.1875
2021-06-22 22:00,16.475,16.1875
2021-06-22 22:15,16.475,16.1875
2021-06-22 22:30,16.5875,16.3
2021-06-22 22:45,16.6875,16.3375
2021-06-22 23:00,16.7,16.35
2021-06-22 23:15,16.7875,16.425
2021-06-22 23:30,16.8625,16.4625
2021-06-22 23:45,16.8625,16.4625
2021-06-23 0:00,17.2,16.6
2021-06-23 0:15,17.2,16.6
2021-06-23 0:30,17.2,16.6
2021-06-23 0:45,17.2125,16.6875
2021-06-23 1:00,17.2625,16.7
2021-06-23 1:15,17.2625,16.7
2021-06-23 1:30,17.4125,16.8125
2021-06-23 1:45,17.4375,16.825
2021-06-23 2:00,17.475,16.85
2021-06-23 2:15,17.5375,16.8875
2021-06-23 2:30,17.625,16.9375
2021-06-23 2:45,17.6625,16.9875
2021-06-23 3:00,17.675,16.9875
2021-06-23 3:15,17.675,16.9875
2021-06-23 3:30,17.8,17.0625
2021-06-23 3:45,17.8375,17.1125
2021-06-23 4:00,17.875,17.125
2021-06-23 4:15,17.925,17.15
2021-06-23 4:30,17.975,17.2
2021-06-23 4:45,17.975,17.2
2021-06-23 5:00,18.0375,17.25
2021-06-23 5:15,18.1125,17.3
2021-06-23 5:30,18.1125,17.3
2021-06-23 5:45,18.1375,17.3125
2021-06-23 6:00,18.175,17.375
2021-06-23 6:15,18.25,17.4
2021-06-23 6:30,18.25,17.4
2021-06-23 6:45,18.325,17.475
2021-06-23 7:00,18.325,17.475
2021-06-23 7:15,18.4375,17.525
2021-06-23 7:30,18.4375,17.525
2021-06-23 7:45,18.475,17.5875
2021-06-23 8:00,17.85,16
2021-06-23 8:15,17.85,16
2021-06-23 8:30,13.6,15.25
2021-06-23 8:45,13.6,15.25
2021-06-23 9:00,10.6,14.8
2021-06-23 9:15,11.35,14.85
2021-06-23 9:30,11.35,14.85
2021-06-23 9:45,10.7,14.75
2021-06-23 10:00,10.7,14.8
2021-06-23 10:15,10.55,14.55
2021-06-23 10:30,10.55,14.55
2021-06-23 10:45,10.35,14.35
2021-06-23 11:00,10.35,14.35
2021-06-23 11:15,10.2,14.25
2021-06-23 11:30,10.2,14.15
2021-06-23 11:45,10.15,14.15
2021-06-23 12:00,10.15,14.15
2021-06-23 12:15,10.15,14.15
2021-06-23 12:30,10.1,14.05
2021-06-23 12:45,10.1,14.05
2021-06-23 13:00,10.15,14.05
2021-06-23 13:15,10.15,14.15
2021-06-23 13:30,10.15,14.15
2021-06-23 13:45,10.25,14.15
2021-06-23 14:00,10.25,14.15
2021-06-23 14:15,10.3,14.25
2021-06-23 14:30,10.3,14.25
2021-06-23 14:45,10.35,14.25
2021-06-23 15:00,10.35,14.3
2021-06-23 15:15,10.4,14.35
2021-06-23 15:30,10.4,14.35
2021-06-23 15:45,9.4,14.4
2021-06-23 16:00,9.4,14.4
2021-06-23 16:15,9.4,14.4
2021-06-23 16:30,9.4,14.4
2021-06-23 16:45,9.3,14.3
2021-06-23 17:00,9.3,14.3
2021-06-23 17:15,9.2,14.2
2021-06-23 17:30,8.8,13.7
2021-06-23 17:45,8.8,13.8
2021-06-23 18:00,8.8,13.7
2021-06-23 18:15,8.6,13.5
2021-06-23 18:30,8.6,13.5
2021-06-23 18:45,8.2,13
2021-06-23 19:00,8.2,13
2021-06-23 19:15,10,12.9
2021-06-23 19:30,10,12.9
2021-06-23 19:45,7.2,11.8
2021-06-23 20:00,7.2,11.7
2021-06-23 20:15,6.6,11.1
2021-06-23 20:30,6.6,11.1
2021-06-23 20:45,17.0375,15.5875
2021-06-23 21:00,17.0375,15.5875
2021-06-23 21:15,17.175,15.7
2021-06-23 21:30,17.35,16.4
2021-06-23 21:45,17.5,16.35
2021-06-23 22:00,17.4625,16.35
2021-06-23 22:15,17.4125,16.4
2021-06-23 22:30,17.4375,16.4625
2021-06-23 22:45,17.4125,16.5125
2021-06-23 23:00,17.4,16.5125
2021-06-23 23:15,17.45,16.575
2021-06-23 23:30,17.4875,16.5875
2021-06-23 23:45,17.5375,16.65
2021-06-24 0:00,17.7,16.7625
2021-06-24 0:15,17.8625,16.8375
2021-06-24 0:30,17.8625,16.8375
2021-06-24 0:45,17.95,16.9375
2021-06-24 1:00,17.95,16.9375
2021-06-24 1:15,17.9875,16.975
2021-06-24 1:30,18.075,17
2021-06-24 1:45,18.1,17.05
2021-06-24 2:00,18.2,17.125
2021-06-24 2:15,18.2,17.125
2021-06-24 2:30,18.275,17.1625
2021-06-24 2:45,18.2875,17.1625
2021-06-24 3:00,18.3875,17.2375
2021-06-24 3:15,18.3875,17.2375
2021-06-24 3:30,18.4875,17.275
2021-06-24 3:45,18.5,17.3125
2021-06-24 4:00,18.5875,17.35
2021-06-24 4:15,18.5875,17.35
2021-06-24 4:30,18.65,17.3875
2021-06-24 4:45,18.65,17.3875
2021-06-24 5:00,18.7125,17.5
2021-06-24 5:15,18.7125,17.5
2021-06-24 5:30,18.7875,17.5
2021-06-24 5:45,18.7875,17.5
2021-06-24 6:00,18.8875,17.6
2021-06-24 6:15,18.95,17.625
2021-06-24 6:30,18.95,17.65
2021-06-24 6:45,19,17.6625
2021-06-24 7:00,19.0125,17.725
2021-06-24 7:15,19.0125,17.725
2021-06-24 7:30,19.075,17.75
2021-06-24 7:45,19.075,17.75
2021-06-24 8:00,19.1375,17.85
2021-06-24 8:15,11.9,13.4
2021-06-24 8:30,13.2,14.35
2021-06-24 8:45,13.2,14.35
2021-06-24 9:00,12.15,13.3
2021-06-24 9:15,12.05,13.05
2021-06-24 9:30,11.9,12.95
2021-06-24 9:45,11.9,12.95
2021-06-24 10:00,11.65,12.7
2021-06-24 10:15,11.6,12.55
2021-06-24 10:30,11.5,12.5
2021-06-24 10:45,11.5,12.5
2021-06-24 11:00,11.5,12.55
2021-06-24 11:15,11.45,12.45
2021-06-24 11:30,11.45,12.45
2021-06-24 11:45,11.45,12.45
2021-06-24 12:00,11.4,12.45
2021-06-24 12:15,11.45,12.55
2021-06-24 12:30,11.45,12.55
2021-06-24 12:45,11.55,12.55
2021-06-24 13:00,11.45,12.55
2021-06-24 13:15,11.6,12.55
2021-06-24 13:30,11.6,12.55
2021-06-24 13:45,11.55,12.65
2021-06-24 14:00,11.55,12.65
2021-06-24 14:15,11.55,12.6
2021-06-24 14:30,11.55,12.6
2021-06-24 14:45,11.65,12.65
2021-06-24 15:00,11.65,12.65
2021-06-24 15:15,11.65,12.65
2021-06-24 15:30,11.65,12.65
2021-06-24 15:45,11.6,12.6
2021-06-24 16:00,11.6,12.6
2021-06-24 16:15,11.65,12.65
2021-06-24 16:30,11.65,12.65
2021-06-24 16:45,11.5,12.5
2021-06-24 17:00,11.5,12.5
2021-06-24 17:15,10.75,11.75
2021-06-24 17:30,10.75,11.75
2021-06-24 17:45,10.3,11.25
2021-06-24 18:00,10.3,11.25
2021-06-24 18:15,6.9,12.3
2021-06-24 18:30,6.9,12.3
2021-06-24 18:45,7.1,12.5
2021-06-24 19:00,7.1,12.4
2021-06-24 19:15,6.9,12.3
2021-06-24 19:30,6.6,11.9
2021-06-24 19:45,6.6,11.8
2021-06-24 20:00,6.5,11.3
2021-06-24 20:15,6.7,11.2
2021-06-24 20:30,6.8,10.9
2021-06-24 20:45,15.8125,15.525
2021-06-24 21:00,15.975,15.625
2021-06-24 21:15,16.425,16.0875
2021-06-24 21:30,16.575,16.225
2021-06-24 21:45,16.6625,16.275
2021-06-24 22:00,16.8,16.3625
2021-06-24 22:15,16.925,16.45
2021-06-24 22:30,16.9625,16.5125
2021-06-24 22:45,16.9875,16.5375
2021-06-24 23:00,17.1,16.5875
2021-06-24 23:15,17.1875,16.6375
2021-06-24 23:30,17.1875,16.6375
2021-06-24 23:45,17.3125,16.775
2021-06-25 0:00,17.3125,16.775
2021-06-25 0:15,17.3125,16.775
2021-06-25 0:30,17.3875,16.8
2021-06-25 0:45,17.475,16.8625
2021-06-25 1:00,17.5,16.9125
2021-06-25 1:15,17.5875,16.9625
2021-06-25 1:30,17.5875,16.9625
2021-06-25 1:45,17.675,17.0125
2021-06-25 2:00,17.7125,17.0375
2021-06-25 2:15,17.7125,17.0375
2021-06-25 2:30,17.8,17.1
2021-06-25 2:45,17.85,17.125
2021-06-25 3:00,17.875,17.1375
2021-06-25 3:15,17.9125,17.2125
2021-06-25 3:30,18,17.2375
2021-06-25 3:45,18,17.2375
2021-06-25 4:00,18.075,17.3
2021-06-25 4:15,18.1,17.3375
2021-06-25 4:30,18.1625,17.3625
2021-06-25 4:45,18.1625,17.3625
2021-06-25 5:00,18.2125,17.425
2021-06-25 5:15,18.3,17.45
2021-06-25 5:30,18.3,17.45
2021-06-25 5:45,18.325,17.5125
2021-06-25 6:00,18.3125,17.5375
2021-06-25 6:15,18.425,17.6
2021-06-25 6:30,18.425,17.6
2021-06-25 6:45,18.4,17.6375
2021-06-25 7:00,18.5125,17.6625
2021-06-25 7:15,18.5625,17.7375
2021-06-25 7:30,18.5625,17.7375
2021-06-25 7:45,18.5625,17.7375
2021-06-25 8:00,18.5875,17.7875
2021-06-25 8:15,12.9,15.2
2021-06-25 8:30,11.45,15.55
2021-06-25 8:45,11.45,15.55
2021-06-25 9:00,10.8,14.9
2021-06-25 9:15,10.75,14.75
2021-06-25 9:30,10.5,14.5
2021-06-25 9:45,10.5,14.5
2021-06-25 10:00,10.3,14.3
2021-06-25 10:15,10.2,14.15
2021-06-25 10:30,10.25,14.25
2021-06-25 10:45,10.25,14.25
2021-06-25 11:00,10.35,14.25
2021-06-25 11:15,10.3,14.25
2021-06-25 11:30,10.3,14.25
2021-06-25 11:45,10.3,14.25
2021-06-25 12:00,10.35,14.3
2021-06-25 12:15,10.35,14.3
2021-06-25 12:30,10.35,14.35
2021-06-25 12:45,10.35,14.35
2021-06-25 13:00,10.4,14.35
2021-06-25 13:15,10.5,14.45
2021-06-25 13:30,10.5,14.4
2021-06-25 13:45,10.55,14.45
2021-06-25 14:00,10.5,14.45
2021-06-25 14:15,10.5,14.45
2021-06-25 14:30,13,14.45
2021-06-25 14:45,10.55,14.55
2021-06-25 15:00,10.75,14.75
2021-06-25 15:15,10.75,14.75
2021-06-25 15:30,10.6,14.65
2021-06-25 15:45,10.65,14.65
2021-06-25 16:00,10.65,14.65
2021-06-25 16:15,10.6,14.65
2021-06-25 16:30,10.6,14.55
2021-06-25 16:45,10.55,14.45
2021-06-25 17:00,10.5,14.45
2021-06-25 17:15,10.25,14.15
2021-06-25 17:30,9.8,13.65
2021-06-25 17:45,9.55,13.35
2021-06-25 18:00,9.05,12.75
2021-06-25 18:15,9.05,12.75
2021-06-25 18:30,7.8,12.4
2021-06-25 18:45,7.7,12.3
2021-06-25 19:00,7.7,12.3
2021-06-25 19:15,7.5,12
2021-06-25 19:30,7.1,11.6
2021-06-25 19:45,7.1,11.5
2021-06-25 20:00,7.1,11.5
2021-06-25 20:15,7.1,10.9
2021-06-25 20:30,7.1,10.9
2021-06-25 20:45,7.1,10.9
2021-06-25 21:00,16.3875,14.6375
2021-06-25 21:15,16.8375,15.3875
2021-06-25 21:30,17.0625,15.8125
2021-06-25 21:45,17.1125,15.9125
2021-06-25 22:00,17.1125,15.9125
2021-06-25 22:15,17.225,16.025
2021-06-25 22:30,17.225,16.025
2021-06-25 22:45,17.3625,16.125
2021-06-25 23:00,17.3625,16.125
2021-06-25 23:15,17.45,16.2
2021-06-25 23:30,17.5,16.2375
2021-06-25 23:45,17.7375,16.425
2021-06-26 0:00,17.7375,16.425
2021-06-26 0:15,17.7375,16.425
2021-06-26 0:30,17.75,16.4
2021-06-26 0:45,17.825,16.4875
2021-06-26 1:00,17.825,16.4875
2021-06-26 1:15,17.925,16.5375
2021-06-26 1:30,17.925,16.5375
2021-06-26 1:45,18.05,16.6375
2021-06-26 2:00,18.1,16.65
2021-06-26 2:15,18.1375,16.6625
2021-06-26 2:30,18.1375,16.6625
2021-06-26 2:45,18.2375,16.7625
2021-06-26 3:00,18.25,16.7625
2021-06-26 3:15,18.3125,16.8375
2021-06-26 3:30,18.3625,16.85
2021-06-26 3:45,18.425,16.9
2021-06-26 4:00,18.4625,16.925
2021-06-26 4:15,18.4875,16.9625
2021-06-26 4:30,18.5375,16.975
2021-06-26 4:45,18.6,17.05
2021-06-26 5:00,18.6,17.05
2021-06-26 5:15,18.6625,17.075
2021-06-26 5:30,18.7,17.125
2021-06-26 5:45,18.7625,17.2
2021-06-26 6:00,18.7625,17.2
2021-06-26 6:15,18.8,17.225
2021-06-26 6:30,18.8,17.225
2021-06-26 6:45,18.8875,17.3125
2021-06-26 7:00,18.9125,17.3375
2021-06-26 7:15,18.925,17.3625
2021-06-26 7:30,18.9625,17.375
2021-06-26 7:45,19.025,17.4375
2021-06-26 8:00,19.025,17.4375
2021-06-26 8:15,11.2,13.6
2021-06-26 8:30,11.3,13.6
2021-06-26 8:45,11.3,13.6
2021-06-26 9:00,12.4,14.8
2021-06-26 9:15,11,13.3
2021-06-26 9:30,10.8,13
2021-06-26 9:45,10.8,13
2021-06-26 10:00,10.7,12.9
2021-06-26 10:15,10.6,12.8
2021-06-26 10:30,10.2,12.3
2021-06-26 10:45,10.2,12.3
2021-06-26 11:00,9.7,11.8
2021-06-26 11:15,9.7,11.7
2021-06-26 11:30,9.4,11.5
2021-06-26 11:45,9.3,11.2
2021-06-26 12:00,9,10.9
2021-06-26 12:15,9,10.9
2021-06-26 12:30,8.8,10.7
2021-06-26 12:45,8.7,10.6
2021-06-26 13:00,8.7,10.6
2021-06-26 13:15,8.7,10.6
2021-06-26 13:30,8.5,10.4
2021-06-26 13:45,8.9,10.7
2021-06-26 14:00,8.9,10.7
2021-06-26 14:15,8.9,10.7
2021-06-26 14:30,8.6,10.4
2021-06-26 14:45,8.5,10.3
2021-06-26 15:00,8.4,10.2
2021-06-26 15:15,8.4,10.2
2021-06-26 15:30,8.5,10.3
2021-06-26 15:45,8.4,10.2
2021-06-26 16:00,8.2,10
2021-06-26 16:15,8.3,10
2021-06-26 16:30,8.3,10.1
2021-06-26 16:45,8.4,9.9
2021-06-26 17:00,9.5,10.2
2021-06-26 17:15,9.5,10.2
2021-06-26 17:30,9.3,10.7
2021-06-26 17:45,9,10.7
2021-06-26 18:00,8.7,10.6
2021-06-26 18:15,8.6,10.5
2021-06-26 18:30,8.6,10.5
2021-06-26 18:45,8.7,10.6
2021-06-26 19:00,8.5,10.4
2021-06-26 19:15,8.5,10.4
2021-06-26 19:30,8.4,10.4
2021-06-26 19:45,8.4,10.3
2021-06-26 20:00,8.3,10.1
2021-06-26 20:15,8.3,10.1
2021-06-26 20:30,8.2,10.1
2021-06-26 20:45,8.2,10.1
2021-06-26 21:00,17.375,15.625
2021-06-26 21:15,17.7625,15.7875
2021-06-26 21:30,17.6875,15.725
2021-06-26 21:45,18.0125,15.9625
2021-06-26 22:00,18.1,16.025
2021-06-26 22:15,18.15,16.075
2021-06-26 22:30,18.1625,16.0875
2021-06-26 22:45,18.1875,16.1
2021-06-26 23:00,18.2125,16.15
2021-06-26 23:15,18.2625,16.175
2021-06-26 23:30,18.275,16.2375
2021-06-26 23:45,18.275,16.2375
2021-06-27 0:00,18.425,16.3625
2021-06-27 0:15,18.425,16.3625
2021-06-27 0:30,18.5,16.4
2021-06-27 0:45,18.5,16.4
2021-06-27 1:00,18.55,16.4375
2021-06-27 1:15,18.5875,16.4625
2021-06-27 1:30,18.5875,16.4625
2021-06-27 1:45,18.7,16.525
2021-06-27 2:00,18.7375,16.5375
2021-06-27 2:15,18.8125,16.6
2021-06-27 2:30,18.8125,16.6
2021-06-27 2:45,18.825,16.675
2021-06-27 3:00,18.825,16.675
2021-06-27 3:15,18.9,16.7125
2021-06-27 3:30,18.95,16.725
2021-06-27 3:45,19,16.75
2021-06-27 4:00,19,16.75
2021-06-27 4:15,19.1125,16.8375
2021-06-27 4:30,19.1125,16.8375
2021-06-27 4:45,19.1875,16.9125
2021-06-27 5:00,19.1875,16.9125
2021-06-27 5:15,19.275,16.975
2021-06-27 5:30,19.275,16.975
2021-06-27 5:45,19.3625,17.0125
2021-06-27 6:00,19.3625,17.0125
2021-06-27 6:15,19.45,17.1
2021-06-27 6:30,19.45,17.1
2021-06-27 6:45,19.475,17.1125
2021-06-27 7:00,19.525,17.125
2021-06-27 7:15,19.575,17.2125
2021-06-27 7:30,19.6125,17.25
2021-06-27 7:45,19.65,17.225
2021-06-27 8:00,19.65,17.225
2021-06-27 8:15,12,14.3
2021-06-27 8:30,12,14.3
2021-06-27 8:45,11.8,13.9
2021-06-27 9:00,11.8,13.9
2021-06-27 9:15,11,13.1
2021-06-27 9:30,10.8,12.9
2021-06-27 9:45,10.7,12.7
2021-06-27 10:00,10.7,12.7
2021-06-27 10:15,10.3,12.4
2021-06-27 10:30,10.3,12.4
2021-06-27 10:45,10,12.1
2021-06-27 11:00,10,12.1
2021-06-27 11:15,9.7,11.8
2021-06-27 11:30,9.6,11.6
2021-06-27 11:45,9.6,11.7
2021-06-27 12:00,9.6,11.6
2021-06-27 12:15,9.6,11.6
2021-06-27 12:30,9.4,11.4
2021-06-27 12:45,9.4,11.4
2021-06-27 13:00,9.4,11.4
2021-06-27 13:15,9.3,11.3
2021-06-27 13:30,9.3,11.3
2021-06-27 13:45,9.2,11.1
2021-06-27 14:00,9.2,11.2
2021-06-27 14:15,9.2,11.1
2021-06-27 14:30,9.1,11.1
2021-06-27 14:45,9.2,11.2
2021-06-27 15:00,9.1,11
2021-06-27 15:15,9.1,11
2021-06-27 15:30,9.1,11.1
2021-06-27 15:45,9,10.9
2021-06-27 16:00,9.1,11.1
2021-06-27 16:15,9.1,11.1
2021-06-27 16:30,9,11
2021-06-27 16:45,9.1,11.1
2021-06-27 17:00,9.1,11.1
2021-06-27 17:15,8.9,10.9
2021-06-27 17:30,8.9,10.9
2021-06-27 17:45,9,11
2021-06-27 18:00,8.9,11
2021-06-27 18:15,8.9,11
2021-06-27 18:30,8.8,10.8
2021-06-27 18:45,8.9,10.9
2021-06-27 19:00,8.7,10.6
2021-06-27 19:15,8.7,10.7
2021-06-27 19:30,8.7,10.7
2021-06-27 19:45,8.5,10.5
2021-06-27 20:00,8.5,10.6
2021-06-27 20:15,8.3,10.3
2021-06-27 20:30,8.3,10.3
2021-06-27 20:45,8.4,10.3
2021-06-27 21:00,17.1875,16.6875
2021-06-27 21:15,17.2875,17
2021-06-27 21:30,17.5125,17.375
2021-06-27 21:45,17.5125,17.375
2021-06-27 22:00,17.6125,17.45
2021-06-27 22:15,17.6,17.475
2021-06-27 22:30,17.625,17.5
2021-06-27 22:45,17.725,17.525
2021-06-27 23:00,17.775,17.525
2021-06-27 23:15,17.775,17.525
2021-06-27 23:30,17.8625,17.6
2021-06-27 23:45,17.8625,17.6
2021-06-28 0:00,18.025,17.7125
2021-06-28 0:15,18.025,17.7125
2021-06-28 0:30,18.025,17.7125
2021-06-28 0:45,18.025,17.7125
2021-06-28 1:00,18.0875,17.7
2021-06-28 1:15,18.15,17.7375
2021-06-28 1:30,18.2125,17.7625
2021-06-28 1:45,18.2125,17.7625
2021-06-28 2:00,18.25,17.7875
2021-06-28 2:15,18.3125,17.7875
2021-06-28 2:30,18.3625,17.8375
2021-06-28 2:45,18.3875,17.875
2021-06-28 3:00,18.4375,17.8625
2021-06-28 3:15,18.4375,17.875
2021-06-28 3:30,18.4875,17.925
2021-06-28 3:45,18.525,17.9375
2021-06-28 4:00,18.55,17.975
2021-06-28 4:15,18.5875,18.0125
2021-06-28 4:30,18.625,18.0375
2021-06-28 4:45,18.625,18.0375
2021-06-28 5:00,18.6875,18.075
2021-06-28 5:15,18.6875,18.075
2021-06-28 5:30,18.7375,18.075
2021-06-28 5:45,18.7375,18.075
2021-06-28 6:00,18.825,18.1125
2021-06-28 6:15,18.825,18.1125
2021-06-28 6:30,18.9,18.1875
2021-06-28 6:45,18.95,18.2125
2021-06-28 7:00,19,18.2375
2021-06-28 7:15,19,18.225
2021-06-28 7:30,19,18.225
2021-06-28 7:45,16.7125,15.95
2021-06-28 8:00,16.7125,15.95
2021-06-28 8:15,14.05,15.2
2021-06-28 8:30,12.8,13.85
2021-06-28 8:45,12.8,13.85
2021-06-28 9:00,12.65,13.55
2021-06-28 9:15,12.3,13.15
2021-06-28 9:30,12.1,12.9
2021-06-28 9:45,12.1,12.9
2021-06-28 10:00,12,12.8
2021-06-28 10:15,11.9,12.6
2021-06-28 10:30,12.1,12.8
2021-06-28 10:45,12.1,12.8
2021-06-28 11:00,12.1,12.8
2021-06-28 11:15,12.1,12.8
2021-06-28 11:30,12.1,12.8
2021-06-28 11:45,12.1,12.8
2021-06-28 12:00,12.15,12.85
2021-06-28 12:15,12.3,12.95
2021-06-28 12:30,12.3,13.05
2021-06-28 12:45,12.35,13.1
2021-06-28 13:00,12.35,13.1
2021-06-28 13:15,12.7,13.25
2021-06-28 13:30,12.7,13.25
2021-06-28 13:45,12.8,13.45
2021-06-28 14:00,12.8,13.45
2021-06-28 14:15,12.85,13.55
2021-06-28 14:30,12.85,13.55
2021-06-28 14:45,13.15,13.65
2021-06-28 15:00,13.25,13.75
2021-06-28 15:15,13.15,13.85
2021-06-28 15:30,14.1,14
2021-06-28 15:45,13.5,14.15
2021-06-28 16:00,13.5,14.15
2021-06-28 16:15,13.55,14.25
2021-06-28 16:30,13.6,14.25
2021-06-28 16:45,13.55,14.25
2021-06-28 17:00,13.55,14.25
2021-06-28 17:15,13.35,14
2021-06-28 17:30,13.35,14
2021-06-28 17:45,12.8,13.35
2021-06-28 18:00,12.8,13.35
2021-06-28 18:15,12.15,12.85
2021-06-28 18:30,11.95,12.65
2021-06-28 18:45,9.1,13.9
2021-06-28 19:00,9.1,13.9
2021-06-28 19:15,9,13.7
2021-06-28 19:30,8.7,13.4
2021-06-28 19:45,8.6,13.3
2021-06-28 20:00,8.6,13.3
2021-06-28 20:15,8.4,13
2021-06-28 20:30,8.3,12.8
2021-06-28 20:45,16.7125,16.0875
2021-06-28 21:00,16.7375,16.2125
2021-06-28 21:15,16.65,16.45
2021-06-28 21:30,16.875,16.8
2021-06-28 21:45,16.875,16.8
2021-06-28 22:00,17.0625,17.05
2021-06-28 22:15,17.1875,17.1375
2021-06-28 22:30,17.1875,17.1375
2021-06-28 22:45,17.1875,17.1375
2021-06-28 23:00,17.1625,17.1125
2021-06-28 23:15,17.275,17.175
2021-06-28 23:30,17.2875,17.225
2021-06-28 23:45,17.2875,17.225
2021-06-29 0:00,17.425,17.2625
2021-06-29 0:15,17.5875,17.375
2021-06-29 0:30,17.5875,17.375
2021-06-29 0:45,17.5875,17.375
2021-06-29 1:00,17.6875,17.45
2021-06-29 1:15,17.6875,17.45
2021-06-29 1:30,17.8125,17.5125
2021-06-29 1:45,17.875,17.55
2021-06-29 2:00,17.95,17.575
2021-06-29 2:15,17.95,17.575
2021-06-29 2:30,18.025,17.6125
2021-06-29 2:45,18.1,17.6875
2021-06-29 3:00,18.1,17.6875
2021-06-29 3:15,18.15,17.7
2021-06-29 3:30,18.1625,17.75
2021-06-29 3:45,18.25,17.8
2021-06-29 4:00,18.3375,17.8625
2021-06-29 4:15,18.3375,17.8625
2021-06-29 4:30,18.4,17.8875
2021-06-29 4:45,18.4,17.9375
2021-06-29 5:00,18.4625,17.9625
2021-06-29 5:15,18.5125,18.025
2021-06-29 5:30,18.5375,18
2021-06-29 5:45,18.5375,18
2021-06-29 6:00,18.6,18.1125
2021-06-29 6:15,18.675,18.1375
2021-06-29 6:30,18.6875,18.175
2021-06-29 6:45,18.7125,18.1625
2021-06-29 7:00,18.825,18.2375
2021-06-29 7:15,18.825,18.2375
2021-06-29 7:30,18.825,18.2875
2021-06-29 7:45,18.8875,18.3125
2021-06-29 8:00,11.85,16
2021-06-29 8:15,11.85,16
2021-06-29 8:30,12.05,16.25
2021-06-29 8:45,11.7,15.8
2021-06-29 9:00,12.9,14.6
2021-06-29 9:15,12.9,14.6
2021-06-29 9:30,14.4,14.475
2021-06-29 9:45,14.4,14.475
2021-06-29 10:00,12.325,14.925
2021-06-29 10:15,12.325,14.925
2021-06-29 10:30,11.775,14.225
2021-06-29 10:45,11.775,14.225
2021-06-29 11:00,10.375,12.775
2021-06-29 11:15,10.375,12.775
2021-06-29 11:30,9.9,12.225
2021-06-29 11:45,9.5,11.75
2021-06-29 12:00,9.175,11.4
2021-06-29 12:15,9.175,11.4
2021-06-29 12:30,8.675,10.775
2021-06-29 12:45,8.675,10.775
2021-06-29 13:00,7.433333333,11.2
2021-06-29 13:15,7.433333333,11.2
2021-06-29 13:30,7.566666667,11.16666667
2021-06-29 13:45,7.566666667,11.16666667
2021-06-29 14:00,7.966666667,11.66666667
2021-06-29 14:15,7.966666667,11.66666667
2021-06-29 14:30,7.766666667,11.46666667
2021-06-29 14:45,8.1,12
2021-06-29 15:00,8,11.93333333
2021-06-29 15:15,8,11.93333333
2021-06-29 15:30,8.033333333,11.96666667
2021-06-29 15:45,7.933333333,11.86666667
2021-06-29 16:00,7.933333333,11.86666667
2021-06-29 16:15,7.933333333,11.86666667
2021-06-29 16:30,7.633333333,11.53333333
2021-06-29 16:45,7.6,11.5
2021-06-29 17:00,7.6,11.46666667
2021-06-29 17:15,7.75,10.95
2021-06-29 17:30,7.75,10.95
2021-06-29 17:45,7.85,10.95
2021-06-29 18:00,7.6,11.5
2021-06-29 18:15,7.7,11.8
2021-06-29 18:30,7.7,11.8
2021-06-29 18:45,7.8,12.1
2021-06-29 19:00,7.9,12.5
2021-06-29 19:15,7.4,12
2021-06-29 19:30,7.4,12
2021-06-29 19:45,7.4,11.9
2021-06-29 20:00,7.4,11.9
2021-06-29 20:15,7.2,11.7
2021-06-29 20:30,7.2,11.7
2021-06-29 20:45,14.2,14.575
2021-06-29 21:00,14.2,14.575
2021-06-29 21:15,14.925,15.7625
2021-06-29 21:30,14.925,15.7625
2021-06-29 21:45,15.0875,16.025
2021-06-29 22:00,15.1875,16.1625
2021-06-29 22:15,15.2875,16.275
2021-06-29 22:30,15.2875,16.275
2021-06-29 22:45,15.35,16.3625
2021-06-29 23:00,15.35,16.3625
2021-06-29 23:15,15.55,16.4875
2021-06-29 23:30,15.625,16.525
2021-06-29 23:45,15.7125,16.6
2021-06-30 0:00,15.7125,16.6
2021-06-30 0:15,15.9,16.8
2021-06-30 0:30,15.9,16.8
2021-06-30 0:45,15.975,16.8625
2021-06-30 1:00,15.975,16.8625
2021-06-30 1:15,16.125,17.025
2021-06-30 1:30,16.2,17.1125
2021-06-30 1:45,16.2,17.1375
2021-06-30 2:00,16.2,17.1375
2021-06-30 2:15,16.325,17.3
2021-06-30 2:30,16.4125,17.3625
2021-06-30 2:45,16.4375,17.3875
2021-06-30 3:00,16.4375,17.3875
2021-06-30 3:15,16.55,17.5125
2021-06-30 3:30,16.625,17.575
2021-06-30 3:45,16.65,17.5875
2021-06-30 4:00,16.65,17.5875
2021-06-30 4:15,16.775,17.7
2021-06-30 4:30,16.8125,17.7875
2021-06-30 4:45,16.9125,17.8625
2021-06-30 5:00,16.9125,17.8625
2021-06-30 5:15,16.9125,17.8625
2021-06-30 5:30,17.0125,17.9625
2021-06-30 5:45,17.0125,17.9625
2021-06-30 6:00,17.0875,18.0375
2021-06-30 6:15,17.0875,18.0375
2021-06-30 6:30,17.1875,18.175
2021-06-30 6:45,17.1875,18.175
2021-06-30 7:00,17.2625,18.2625
2021-06-30 7:15,17.2625,18.2625
2021-06-30 7:30,17.3875,18.3625
2021-06-30 7:45,17.3875,18.3625
2021-06-30 8:00,13,13.06666667
2021-06-30 8:15,13,13.06666667
2021-06-30 8:30,9.633333333,11.93333333
2021-06-30 8:45,9.6,11.525
2021-06-30 9:00,11.2,13.56666667
2021-06-30 9:15,10.73333333,13.06666667
2021-06-30 9:30,9.533333333,11.66666667
2021-06-30 9:45,9.166666667,11.2
2021-06-30 10:00,6.9,11.35
2021-06-30 10:15,6.65,11.35
2021-06-30 10:30,7.3,12.1
2021-06-30 10:45,7.3,12.1
2021-06-30 11:00,7.3,11.95
2021-06-30 11:15,7.3,11.95
2021-06-30 11:30,7.55,12.25
2021-06-30 11:45,7.45,12.15
2021-06-30 12:00,7.7,12.65
2021-06-30 12:15,7.7,12.65
2021-06-30 12:30,7.8,12.8
2021-06-30 12:45,7.85,12.75
2021-06-30 13:00,7.8,12.65
2021-06-30 13:15,8,12.95
2021-06-30 13:30,7.9,12.8
2021-06-30 13:45,8.05,13.05
2021-06-30 14:00,8.15,13.1
2021-06-30 14:15,8.2,13.15
2021-06-30 14:30,8.15,13.15
2021-06-30 14:45,8.2,13.25
2021-06-30 15:00,8.15,13.2
2021-06-30 15:15,8.35,13.35
2021-06-30 15:30,8.3,13.35
2021-06-30 15:45,8.25,13.35
2021-06-30 16:00,8.25,13.35
2021-06-30 16:15,8.25,13.35
2021-06-30 16:30,8.25,13.25
2021-06-30 16:45,8.25,13.25
2021-06-30 17:00,8.2,13.25
2021-06-30 17:15,8.2,13.25
2021-06-30 17:30,6.95,11.7
2021-06-30 17:45,6.55,11.05
2021-06-30 18:00,6.4,10.8
2021-06-30 18:15,6.4,10.8
2021-06-30 18:30,7.4,11.2
2021-06-30 18:45,7.4,11.2
2021-06-30 19:00,7.7,11.8
2021-06-30 19:15,7.7,11.8
2021-06-30 19:30,7.4,11.9
2021-06-30 19:45,7.3,11.7
2021-06-30 20:00,7.4,11.9
2021-06-30 20:15,7.4,11.9
2021-06-30 20:30,7.3,11.8
2021-06-30 20:45,14.85,15.4
2021-06-30 21:00,14.85,15.4
2021-06-30 21:15,15.175,16.475
2021-06-30 21:30,15.175,16.475
2021-06-30 21:45,15.375,16.7875
2021-06-30 22:00,15.3875,16.8125
2021-06-30 22:15,15.5,16.925
2021-06-30 22:30,15.5125,16.95
2021-06-30 22:45,15.65,17.075
2021-06-30 23:00,15.7875,17.1
2021-06-30 23:15,15.875,17.1625
2021-06-30 23:30,16.0125,17.2125
2021-06-30 23:45,16.075,17.2625
2021-07-01 0:00,16.075,17.2625
