DATE,LOAD
2021-06-01 00:15:00,0.0
2021-06-01 00:30:00,0.0
2021-06-01 00:45:00,0.0
2021-06-01 01:00:00,0.0
2021-06-01 01:15:00,0.0
2021-06-01 01:30:00,0.0
2021-06-01 01:45:00,0.0
2021-06-01 02:00:00,0.0
2021-06-01 02:15:00,0.0
2021-06-01 02:30:00,0.0
2021-06-01 02:45:00,0.0
2021-06-01 03:00:00,0.0
2021-06-01 03:15:00,0.0
2021-06-01 03:30:00,0.0
2021-06-01 03:45:00,0.0
2021-06-01 04:00:00,0.0
2021-06-01 04:15:00,0.0
2021-06-01 04:30:00,0.0
2021-06-01 04:45:00,0.0
2021-06-01 05:00:00,0.0
2021-06-01 05:15:00,0.0
2021-06-01 05:30:00,0.0
2021-06-01 05:45:00,0.0
2021-06-01 06:00:00,0.0
2021-06-01 06:15:00,0.0
2021-06-01 06:30:00,0.0
2021-06-01 06:45:00,0.0
2021-06-01 07:00:00,0.0
2021-06-01 07:15:00,0.0
2021-06-01 07:30:00,0.0
2021-06-01 07:45:00,0.0
2021-06-01 08:00:00,0.0
2021-06-01 08:15:00,299.16
2021-06-01 08:30:00,628.16
2021-06-01 08:45:00,628.16
2021-06-01 09:00:00,688.95
2021-06-01 09:15:00,688.95
2021-06-01 09:30:00,627.9
2021-06-01 09:45:00,627.9
2021-06-01 10:00:00,494.29
2021-06-01 10:15:00,494.29
2021-06-01 10:30:00,160.2
2021-06-01 10:45:00,160.2
2021-06-01 11:00:00,367.17
2021-06-01 11:15:00,367.17
2021-06-01 11:30:00,335.89
2021-06-01 11:45:00,335.89
2021-06-01 12:00:00,323.39
2021-06-01 12:15:00,323.39
2021-06-01 12:30:00,340.23
2021-06-01 12:45:00,340.23
2021-06-01 13:00:00,342.29
2021-06-01 13:15:00,352.66
2021-06-01 13:30:00,369.28
2021-06-01 13:45:00,369.28
2021-06-01 14:00:00,198.02
2021-06-01 14:15:00,198.02
2021-06-01 14:30:00,407.87
2021-06-01 14:45:00,407.87
2021-06-01 15:00:00,402.99
2021-06-01 15:15:00,402.65
2021-06-01 15:30:00,402.65
2021-06-01 15:45:00,402.65
2021-06-01 16:00:00,382.4
2021-06-01 16:15:00,377.88
2021-06-01 16:30:00,362.65
2021-06-01 16:45:00,362.65
2021-06-01 17:00:00,362.65
2021-06-01 17:15:00,341.53
2021-06-01 17:30:00,316.96
2021-06-01 17:45:00,316.96
2021-06-01 18:00:00,324.31
2021-06-01 18:15:00,314.13
2021-06-01 18:30:00,263.89
2021-06-01 18:45:00,263.89
2021-06-01 19:00:00,173.89
2021-06-01 19:15:00,184.78
2021-06-01 19:30:00,183.74
2021-06-01 19:45:00,183.74
2021-06-01 20:00:00,183.74
2021-06-01 20:15:00,195.88
2021-06-01 20:30:00,0.0
2021-06-01 20:45:00,0.0
2021-06-01 21:00:00,0.0
2021-06-01 21:15:00,0.0
2021-06-01 21:30:00,0.0
2021-06-01 21:45:00,0.0
2021-06-01 22:00:00,0.0
2021-06-01 22:15:00,0.0
2021-06-01 22:30:00,0.0
2021-06-01 22:45:00,0.0
2021-06-01 23:00:00,0.0
2021-06-01 23:15:00,0.0
2021-06-01 23:30:00,0.0
2021-06-01 23:45:00,0.0
2021-06-02 00:00:00,0.0
2021-06-02 00:15:00,0.0
2021-06-02 00:30:00,0.0
2021-06-02 00:45:00,0.0
2021-06-02 01:00:00,0.0
2021-06-02 01:15:00,0.0
2021-06-02 01:30:00,0.0
2021-06-02 01:45:00,0.0
2021-06-02 02:00:00,0.0
2021-06-02 02:15:00,0.0
2021-06-02 02:30:00,0.0
2021-06-02 02:45:00,0.0
2021-06-02 03:00:00,0.0
2021-06-02 03:15:00,0.0
2021-06-02 03:30:00,0.0
2021-06-02 03:45:00,0.0
2021-06-02 04:00:00,0.0
2021-06-02 04:15:00,0.0
2021-06-02 04:30:00,0.0
2021-06-02 04:45:00,0.0
2021-06-02 05:00:00,0.0
2021-06-02 05:15:00,0.0
2021-06-02 05:30:00,0.0
2021-06-02 05:45:00,0.0
2021-06-02 06:00:00,0.0
2021-06-02 06:15:00,0.0
2021-06-02 06:30:00,0.0
2021-06-02 06:45:00,0.0
2021-06-02 07:00:00,0.0
2021-06-02 07:15:00,0.0
2021-06-02 07:30:00,0.0
2021-06-02 07:45:00,0.0
2021-06-02 08:00:00,0.0
2021-06-02 08:15:00,0.0
2021-06-02 08:30:00,523.28
2021-06-02 08:45:00,634.86
2021-06-02 09:00:00,634.86
2021-06-02 09:15:00,594.94
2021-06-02 09:30:00,545.83
2021-06-02 09:45:00,555.12
2021-06-02 10:00:00,555.12
2021-06-02 10:15:00,555.12
2021-06-02 10:30:00,555.12
2021-06-02 10:45:00,555.12
2021-06-02 11:00:00,555.12
2021-06-02 11:15:00,555.12
2021-06-02 11:30:00,555.12
2021-06-02 11:45:00,713.65
2021-06-02 12:00:00,713.65
2021-06-02 12:15:00,713.65
2021-06-02 12:30:00,737.78
2021-06-02 12:45:00,750.29
2021-06-02 13:00:00,750.29
2021-06-02 13:15:00,750.29
2021-06-02 13:30:00,732.77
2021-06-02 13:45:00,723.63
2021-06-02 14:00:00,259.98
2021-06-02 14:15:00,259.98
2021-06-02 14:30:00,607.2
2021-06-02 14:45:00,582.6
2021-06-02 15:00:00,618.95
2021-06-02 15:15:00,618.95
2021-06-02 15:30:00,610.71
2021-06-02 15:45:00,610.71
2021-06-02 16:00:00,560.57
2021-06-02 16:15:00,560.57
2021-06-02 16:30:00,590.09
2021-06-02 16:45:00,590.09
2021-06-02 17:00:00,565.65
2021-06-02 17:15:00,565.65
2021-06-02 17:30:00,587.95
2021-06-02 17:45:00,587.95
2021-06-02 18:00:00,597.82
2021-06-02 18:15:00,597.82
2021-06-02 18:30:00,520.56
2021-06-02 18:45:00,520.56
2021-06-02 19:00:00,452.63
2021-06-02 19:15:00,143.55
2021-06-02 19:30:00,143.55
2021-06-02 19:45:00,175.08
2021-06-02 20:00:00,170.78
2021-06-02 20:15:00,170.78
2021-06-02 20:30:00,481.65
2021-06-02 20:45:00,481.65
2021-06-02 21:00:00,0.0
2021-06-02 21:15:00,0.0
2021-06-02 21:30:00,0.0
2021-06-02 21:45:00,0.0
2021-06-02 22:00:00,0.0
2021-06-02 22:15:00,0.0
2021-06-02 22:30:00,0.0
2021-06-02 22:45:00,0.0
2021-06-02 23:00:00,0.0
2021-06-02 23:15:00,0.0
2021-06-02 23:30:00,0.0
2021-06-02 23:45:00,0.0
2021-06-03 00:00:00,0.0
2021-06-03 00:15:00,0.0
2021-06-03 00:30:00,0.0
2021-06-03 00:45:00,0.0
2021-06-03 01:00:00,0.0
2021-06-03 01:15:00,0.0
2021-06-03 01:30:00,0.0
2021-06-03 01:45:00,0.0
2021-06-03 02:00:00,0.0
2021-06-03 02:15:00,0.0
2021-06-03 02:30:00,0.0
2021-06-03 02:45:00,0.0
2021-06-03 03:00:00,0.0
2021-06-03 03:15:00,0.0
2021-06-03 03:30:00,0.0
2021-06-03 03:45:00,0.0
2021-06-03 04:00:00,0.0
2021-06-03 04:15:00,0.0
2021-06-03 04:30:00,0.0
2021-06-03 04:45:00,0.0
2021-06-03 05:00:00,0.0
2021-06-03 05:15:00,0.0
2021-06-03 05:30:00,0.0
2021-06-03 05:45:00,0.0
2021-06-03 06:00:00,0.0
2021-06-03 06:15:00,0.0
2021-06-03 06:30:00,0.0
2021-06-03 06:45:00,0.0
2021-06-03 07:00:00,0.0
2021-06-03 07:15:00,0.0
2021-06-03 07:30:00,0.0
2021-06-03 07:45:00,0.0
2021-06-03 08:00:00,0.0
2021-06-03 08:15:00,0.0
2021-06-03 08:30:00,481.03
2021-06-03 08:45:00,481.03
2021-06-03 09:00:00,633.69
2021-06-03 09:15:00,631.34
2021-06-03 09:30:00,631.34
2021-06-03 09:45:00,566.17
2021-06-03 10:00:00,566.17
2021-06-03 10:15:00,505.99
2021-06-03 10:30:00,505.99
2021-06-03 10:45:00,401.34
2021-06-03 11:00:00,401.34
2021-06-03 11:15:00,398.23
2021-06-03 11:30:00,378.24
2021-06-03 11:45:00,378.24
2021-06-03 12:00:00,401.88
2021-06-03 12:15:00,384.61
2021-06-03 12:30:00,384.61
2021-06-03 12:45:00,384.61
2021-06-03 13:00:00,366.16
2021-06-03 13:15:00,366.16
2021-06-03 13:30:00,366.16
2021-06-03 13:45:00,359.79
2021-06-03 14:00:00,369.17
2021-06-03 14:15:00,358.28
2021-06-03 14:30:00,358.28
2021-06-03 14:45:00,358.28
2021-06-03 15:00:00,363.64
2021-06-03 15:15:00,342.55
2021-06-03 15:30:00,342.55
2021-06-03 15:45:00,342.55
2021-06-03 16:00:00,339.61
2021-06-03 16:15:00,328.08
2021-06-03 16:30:00,328.08
2021-06-03 16:45:00,328.08
2021-06-03 17:00:00,324.96
2021-06-03 17:15:00,207.9
2021-06-03 17:30:00,207.9
2021-06-03 17:45:00,207.9
2021-06-03 18:00:00,205.33
2021-06-03 18:15:00,206.75
2021-06-03 18:30:00,206.75
2021-06-03 18:45:00,206.75
2021-06-03 19:00:00,207.19
2021-06-03 19:15:00,201.38
2021-06-03 19:30:00,201.38
2021-06-03 19:45:00,188.62
2021-06-03 20:00:00,188.62
2021-06-03 20:15:00,200.32
2021-06-03 20:30:00,192.11
2021-06-03 20:45:00,192.11
2021-06-03 21:00:00,0.0
2021-06-03 21:15:00,0.0
2021-06-03 21:30:00,0.0
2021-06-03 21:45:00,0.0
2021-06-03 22:00:00,0.0
2021-06-03 22:15:00,0.0
2021-06-03 22:30:00,0.0
2021-06-03 22:45:00,0.0
2021-06-03 23:00:00,0.0
2021-06-03 23:15:00,0.0
2021-06-03 23:30:00,0.0
2021-06-03 23:45:00,0.0
2021-06-04 00:00:00,0.0
2021-06-04 00:15:00,0.0
2021-06-04 00:30:00,0.0
2021-06-04 00:45:00,0.0
2021-06-04 01:00:00,0.0
2021-06-04 01:15:00,0.0
2021-06-04 01:30:00,0.0
2021-06-04 01:45:00,0.0
2021-06-04 02:00:00,0.0
2021-06-04 02:15:00,0.0
2021-06-04 02:30:00,0.0
2021-06-04 02:45:00,0.0
2021-06-04 03:00:00,0.0
2021-06-04 03:15:00,0.0
2021-06-04 03:30:00,0.0
2021-06-04 03:45:00,0.0
2021-06-04 04:00:00,0.0
2021-06-04 04:15:00,0.0
2021-06-04 04:30:00,0.0
2021-06-04 04:45:00,0.0
2021-06-04 05:00:00,0.0
2021-06-04 05:15:00,0.0
2021-06-04 05:30:00,0.0
2021-06-04 05:45:00,0.0
2021-06-04 06:00:00,0.0
2021-06-04 06:15:00,0.0
2021-06-04 06:30:00,0.0
2021-06-04 06:45:00,0.0
2021-06-04 07:00:00,0.0
2021-06-04 07:15:00,0.0
2021-06-04 07:30:00,0.0
2021-06-04 07:45:00,0.0
2021-06-04 08:00:00,75.38
2021-06-04 08:15:00,543.13
2021-06-04 08:30:00,591.41
2021-06-04 08:45:00,591.41
2021-06-04 09:00:00,591.41
2021-06-04 09:15:00,532.07
2021-06-04 09:30:00,147.48
2021-06-04 09:45:00,147.48
2021-06-04 10:00:00,163.81
2021-06-04 10:15:00,163.81
2021-06-04 10:30:00,530.79
2021-06-04 10:45:00,516.11
2021-06-04 11:00:00,516.11
2021-06-04 11:15:00,152.51
2021-06-04 11:30:00,156.06
2021-06-04 11:45:00,175.05
2021-06-04 12:00:00,175.05
2021-06-04 12:15:00,494.29
2021-06-04 12:30:00,447.47
2021-06-04 12:45:00,436.95
2021-06-04 13:00:00,436.95
2021-06-04 13:15:00,157.9
2021-06-04 13:30:00,166.2
2021-06-04 13:45:00,483.6
2021-06-04 14:00:00,499.19
2021-06-04 14:15:00,499.19
2021-06-04 14:30:00,453.45
2021-06-04 14:45:00,457.14
2021-06-04 15:00:00,457.14
2021-06-04 15:15:00,152.78
2021-06-04 15:30:00,544.87
2021-06-04 15:45:00,544.87
2021-06-04 16:00:00,544.87
2021-06-04 16:15:00,561.76
2021-06-04 16:30:00,561.76
2021-06-04 16:45:00,365.55
2021-06-04 17:00:00,365.55
2021-06-04 17:15:00,325.96
2021-06-04 17:30:00,325.96
2021-06-04 17:45:00,377.21
2021-06-04 18:00:00,381.55
2021-06-04 18:15:00,358.53
2021-06-04 18:30:00,347.66
2021-06-04 18:45:00,347.66
2021-06-04 19:00:00,347.66
2021-06-04 19:15:00,347.66
2021-06-04 19:30:00,38.7
2021-06-04 19:45:00,38.7
2021-06-04 20:00:00,38.7
2021-06-04 20:15:00,38.7
2021-06-04 20:30:00,39.46
2021-06-04 20:45:00,0.0
2021-06-04 21:00:00,0.0
2021-06-04 21:15:00,0.0
2021-06-04 21:30:00,0.0
2021-06-04 21:45:00,0.0
2021-06-04 22:00:00,0.0
2021-06-04 22:15:00,0.0
2021-06-04 22:30:00,0.0
2021-06-04 22:45:00,0.0
2021-06-04 23:00:00,0.0
2021-06-04 23:15:00,0.0
2021-06-04 23:30:00,0.0
2021-06-04 23:45:00,0.0
2021-06-05 00:00:00,0.0
2021-06-05 00:15:00,0.0
2021-06-05 00:30:00,0.0
2021-06-05 00:45:00,0.0
2021-06-05 01:00:00,0.0
2021-06-05 01:15:00,0.0
2021-06-05 01:30:00,0.0
2021-06-05 01:45:00,0.0
2021-06-05 02:00:00,0.0
2021-06-05 02:15:00,0.0
2021-06-05 02:30:00,0.0
2021-06-05 02:45:00,0.0
2021-06-05 03:00:00,0.0
2021-06-05 03:15:00,0.0
2021-06-05 03:30:00,0.0
2021-06-05 03:45:00,0.0
2021-06-05 04:00:00,0.0
2021-06-05 04:15:00,0.0
2021-06-05 04:30:00,0.0
2021-06-05 04:45:00,0.0
2021-06-05 05:00:00,0.0
2021-06-05 05:15:00,0.0
2021-06-05 05:30:00,0.0
2021-06-05 05:45:00,0.0
2021-06-05 06:00:00,0.0
2021-06-05 06:15:00,0.0
2021-06-05 06:30:00,0.0
2021-06-05 06:45:00,0.0
2021-06-05 07:00:00,0.0
2021-06-05 07:15:00,0.0
2021-06-05 07:30:00,0.0
2021-06-05 07:45:00,0.0
2021-06-05 08:00:00,0.0
2021-06-05 08:15:00,0.0
2021-06-05 08:30:00,0.0
2021-06-05 08:45:00,0.0
2021-06-05 09:00:00,0.0
2021-06-05 09:15:00,0.0
2021-06-05 09:30:00,189.17
2021-06-05 09:45:00,207.92
2021-06-05 10:00:00,264.87
2021-06-05 10:15:00,264.87
2021-06-05 10:30:00,291.11
2021-06-05 10:45:00,291.11
2021-06-05 11:00:00,273.85
2021-06-05 11:15:00,273.85
2021-06-05 11:30:00,273.85
2021-06-05 11:45:00,272.4
2021-06-05 12:00:00,264.5
2021-06-05 12:15:00,274.13
2021-06-05 12:30:00,274.13
2021-06-05 12:45:00,119.33
2021-06-05 13:00:00,78.62
2021-06-05 13:15:00,78.62
2021-06-05 13:30:00,43.55
2021-06-05 13:45:00,13.1
2021-06-05 14:00:00,267.54
2021-06-05 14:15:00,267.54
2021-06-05 14:30:00,267.54
2021-06-05 14:45:00,275.5
2021-06-05 15:00:00,275.5
2021-06-05 15:15:00,275.5
2021-06-05 15:30:00,275.5
2021-06-05 15:45:00,275.5
2021-06-05 16:00:00,275.5
2021-06-05 16:15:00,275.5
2021-06-05 16:30:00,275.5
2021-06-05 16:45:00,275.5
2021-06-05 17:00:00,275.5
2021-06-05 17:15:00,275.5
2021-06-05 17:30:00,275.5
2021-06-05 17:45:00,271.02
2021-06-05 18:00:00,271.05
2021-06-05 18:15:00,291.06
2021-06-05 18:30:00,291.06
2021-06-05 18:45:00,306.02
2021-06-05 19:00:00,282.64
2021-06-05 19:15:00,292.31
2021-06-05 19:30:00,277.67
2021-06-05 19:45:00,282.92
2021-06-05 20:00:00,282.92
2021-06-05 20:15:00,0.0
2021-06-05 20:30:00,0.0
2021-06-05 20:45:00,0.0
2021-06-05 21:00:00,0.0
2021-06-05 21:15:00,0.0
2021-06-05 21:30:00,0.0
2021-06-05 21:45:00,0.0
2021-06-05 22:00:00,0.0
2021-06-05 22:15:00,0.0
2021-06-05 22:30:00,0.0
2021-06-05 22:45:00,0.0
2021-06-05 23:00:00,0.0
2021-06-05 23:15:00,0.0
2021-06-05 23:30:00,0.0
2021-06-05 23:45:00,0.0
2021-06-06 00:00:00,0.0
2021-06-06 00:15:00,0.0
2021-06-06 00:30:00,0.0
2021-06-06 00:45:00,0.0
2021-06-06 01:00:00,0.0
2021-06-06 01:15:00,0.0
2021-06-06 01:30:00,0.0
2021-06-06 01:45:00,0.0
2021-06-06 02:00:00,0.0
2021-06-06 02:15:00,0.0
2021-06-06 02:30:00,0.0
2021-06-06 02:45:00,0.0
2021-06-06 03:00:00,0.0
2021-06-06 03:15:00,0.0
2021-06-06 03:30:00,0.0
2021-06-06 03:45:00,0.0
2021-06-06 04:00:00,0.0
2021-06-06 04:15:00,0.0
2021-06-06 04:30:00,0.0
2021-06-06 04:45:00,0.0
2021-06-06 05:00:00,0.0
2021-06-06 05:15:00,0.0
2021-06-06 05:30:00,0.0
2021-06-06 05:45:00,0.0
2021-06-06 06:00:00,0.0
2021-06-06 06:15:00,0.0
2021-06-06 06:30:00,0.0
2021-06-06 06:45:00,0.0
2021-06-06 07:00:00,0.0
2021-06-06 07:15:00,0.0
2021-06-06 07:30:00,0.0
2021-06-06 07:45:00,0.0
2021-06-06 08:00:00,0.0
2021-06-06 08:15:00,0.0
2021-06-06 08:30:00,0.0
2021-06-06 08:45:00,0.0
2021-06-06 09:00:00,0.0
2021-06-06 09:15:00,252.48
2021-06-06 09:30:00,252.48
2021-06-06 09:45:00,314.55
2021-06-06 10:00:00,314.55
2021-06-06 10:15:00,298.97
2021-06-06 10:30:00,272.63
2021-06-06 10:45:00,272.63
2021-06-06 11:00:00,272.63
2021-06-06 11:15:00,256.45
2021-06-06 11:30:00,262.14
2021-06-06 11:45:00,202.94
2021-06-06 12:00:00,179.41
2021-06-06 12:15:00,240.38
2021-06-06 12:30:00,143.28
2021-06-06 12:45:00,245.58
2021-06-06 13:00:00,175.22
2021-06-06 13:15:00,250.39
2021-06-06 13:30:00,247.14
2021-06-06 13:45:00,164.0
2021-06-06 14:00:00,141.29
2021-06-06 14:15:00,205.59
2021-06-06 14:30:00,146.72
2021-06-06 14:45:00,256.3
2021-06-06 15:00:00,256.3
2021-06-06 15:15:00,133.37
2021-06-06 15:30:00,253.87
2021-06-06 15:45:00,253.87
2021-06-06 16:00:00,181.5
2021-06-06 16:15:00,215.66
2021-06-06 16:30:00,228.19
2021-06-06 16:45:00,228.19
2021-06-06 17:00:00,236.88
2021-06-06 17:15:00,202.2
2021-06-06 17:30:00,202.2
2021-06-06 17:45:00,202.2
2021-06-06 18:00:00,114.98
2021-06-06 18:15:00,274.4
2021-06-06 18:30:00,149.19
2021-06-06 18:45:00,149.19
2021-06-06 19:00:00,149.19
2021-06-06 19:15:00,143.26
2021-06-06 19:30:00,188.57
2021-06-06 19:45:00,188.57
2021-06-06 20:00:00,278.98
2021-06-06 20:15:00,205.4
2021-06-06 20:30:00,125.01
2021-06-06 20:45:00,125.01
2021-06-06 21:00:00,0.0
2021-06-06 21:15:00,0.0
2021-06-06 21:30:00,0.0
2021-06-06 21:45:00,0.0
2021-06-06 22:00:00,0.0
2021-06-06 22:15:00,0.0
2021-06-06 22:30:00,0.0
2021-06-06 22:45:00,0.0
2021-06-06 23:00:00,0.0
2021-06-06 23:15:00,0.0
2021-06-06 23:30:00,0.0
2021-06-06 23:45:00,0.0
2021-06-07 00:00:00,0.0
2021-06-07 00:15:00,0.0
2021-06-07 00:30:00,0.0
2021-06-07 00:45:00,0.0
2021-06-07 01:00:00,0.0
2021-06-07 01:15:00,0.0
2021-06-07 01:30:00,0.0
2021-06-07 01:45:00,0.0
2021-06-07 02:00:00,0.0
2021-06-07 02:15:00,0.0
2021-06-07 02:30:00,0.0
2021-06-07 02:45:00,0.0
2021-06-07 03:00:00,0.0
2021-06-07 03:15:00,0.0
2021-06-07 03:30:00,0.0
2021-06-07 03:45:00,0.0
2021-06-07 04:00:00,0.0
2021-06-07 04:15:00,0.0
2021-06-07 04:30:00,0.0
2021-06-07 04:45:00,0.0
2021-06-07 05:00:00,0.0
2021-06-07 05:15:00,0.0
2021-06-07 05:30:00,0.0
2021-06-07 05:45:00,0.0
2021-06-07 06:00:00,0.0
2021-06-07 06:15:00,0.0
2021-06-07 06:30:00,0.0
2021-06-07 06:45:00,0.0
2021-06-07 07:00:00,0.0
2021-06-07 07:15:00,0.0
2021-06-07 07:30:00,0.0
2021-06-07 07:45:00,0.0
2021-06-07 08:00:00,0.0
2021-06-07 08:15:00,0.0
2021-06-07 08:30:00,686.83
2021-06-07 08:45:00,686.83
2021-06-07 09:00:00,686.83
2021-06-07 09:15:00,686.83
2021-06-07 09:30:00,670.93
2021-06-07 09:45:00,624.78
2021-06-07 10:00:00,624.78
2021-06-07 10:15:00,601.19
2021-06-07 10:30:00,601.19
2021-06-07 10:45:00,560.47
2021-06-07 11:00:00,560.47
2021-06-07 11:15:00,550.55
2021-06-07 11:30:00,476.55
2021-06-07 11:45:00,424.08
2021-06-07 12:00:00,424.08
2021-06-07 12:15:00,432.86
2021-06-07 12:30:00,414.64
2021-06-07 12:45:00,407.12
2021-06-07 13:00:00,407.12
2021-06-07 13:15:00,407.12
2021-06-07 13:30:00,411.49
2021-06-07 13:45:00,187.61
2021-06-07 14:00:00,187.61
2021-06-07 14:15:00,395.03
2021-06-07 14:30:00,395.03
2021-06-07 14:45:00,469.88
2021-06-07 15:00:00,473.19
2021-06-07 15:15:00,334.93
2021-06-07 15:30:00,334.93
2021-06-07 15:45:00,468.11
2021-06-07 16:00:00,467.14
2021-06-07 16:15:00,467.14
2021-06-07 16:30:00,467.14
2021-06-07 16:45:00,289.67
2021-06-07 17:00:00,324.35
2021-06-07 17:15:00,324.35
2021-06-07 17:30:00,359.46
2021-06-07 17:45:00,391.13
2021-06-07 18:00:00,386.94
2021-06-07 18:15:00,380.43
2021-06-07 18:30:00,408.89
2021-06-07 18:45:00,408.89
2021-06-07 19:00:00,362.55
2021-06-07 19:15:00,317.06
2021-06-07 19:30:00,266.61
2021-06-07 19:45:00,214.95
2021-06-07 20:00:00,215.58
2021-06-07 20:15:00,201.91
2021-06-07 20:30:00,212.95
2021-06-07 20:45:00,212.95
2021-06-07 21:00:00,0.0
2021-06-07 21:15:00,0.0
2021-06-07 21:30:00,0.0
2021-06-07 21:45:00,0.0
2021-06-07 22:00:00,0.0
2021-06-07 22:15:00,0.0
2021-06-07 22:30:00,0.0
2021-06-07 22:45:00,0.0
2021-06-07 23:00:00,0.0
2021-06-07 23:15:00,0.0
2021-06-07 23:30:00,0.0
2021-06-07 23:45:00,0.0
2021-06-08 00:00:00,0.0
2021-06-08 00:15:00,0.0
2021-06-08 00:30:00,0.0
2021-06-08 00:45:00,0.0
2021-06-08 01:00:00,0.0
2021-06-08 01:15:00,0.0
2021-06-08 01:30:00,0.0
2021-06-08 01:45:00,0.0
2021-06-08 02:00:00,0.0
2021-06-08 02:15:00,0.0
2021-06-08 02:30:00,0.0
2021-06-08 02:45:00,0.0
2021-06-08 03:00:00,0.0
2021-06-08 03:15:00,0.0
2021-06-08 03:30:00,0.0
2021-06-08 03:45:00,0.0
2021-06-08 04:00:00,0.0
2021-06-08 04:15:00,0.0
2021-06-08 04:30:00,0.0
2021-06-08 04:45:00,0.0
2021-06-08 05:00:00,0.0
2021-06-08 05:15:00,0.0
2021-06-08 05:30:00,0.0
2021-06-08 05:45:00,0.0
2021-06-08 06:00:00,0.0
2021-06-08 06:15:00,0.0
2021-06-08 06:30:00,0.0
2021-06-08 06:45:00,0.0
2021-06-08 07:00:00,0.0
2021-06-08 07:15:00,0.0
2021-06-08 07:30:00,0.0
2021-06-08 07:45:00,0.0
2021-06-08 08:00:00,507.54
2021-06-08 08:15:00,654.47
2021-06-08 08:30:00,654.47
2021-06-08 08:45:00,654.47
2021-06-08 09:00:00,637.31
2021-06-08 09:15:00,626.38
2021-06-08 09:30:00,617.63
2021-06-08 09:45:00,617.63
2021-06-08 10:00:00,594.71
2021-06-08 10:15:00,583.76
2021-06-08 10:30:00,583.76
2021-06-08 10:45:00,590.61
2021-06-08 11:00:00,577.2
2021-06-08 11:15:00,581.57
2021-06-08 11:30:00,581.57
2021-06-08 11:45:00,580.77
2021-06-08 12:00:00,582.46
2021-06-08 12:15:00,553.54
2021-06-08 12:30:00,553.54
2021-06-08 12:45:00,553.54
2021-06-08 13:00:00,558.92
2021-06-08 13:15:00,522.72
2021-06-08 13:30:00,522.72
2021-06-08 13:45:00,566.87
2021-06-08 14:00:00,615.92
2021-06-08 14:15:00,635.6
2021-06-08 14:30:00,635.6
2021-06-08 14:45:00,635.6
2021-06-08 15:00:00,635.1
2021-06-08 15:15:00,619.44
2021-06-08 15:30:00,619.44
2021-06-08 15:45:00,611.0
2021-06-08 16:00:00,617.7
2021-06-08 16:15:00,631.58
2021-06-08 16:30:00,631.58
2021-06-08 16:45:00,615.58
2021-06-08 17:00:00,618.88
2021-06-08 17:15:00,579.09
2021-06-08 17:30:00,579.09
2021-06-08 17:45:00,579.09
2021-06-08 18:00:00,555.88
2021-06-08 18:15:00,308.27
2021-06-08 18:30:00,308.27
2021-06-08 18:45:00,291.89
2021-06-08 19:00:00,291.89
2021-06-08 19:15:00,331.31
2021-06-08 19:30:00,331.31
2021-06-08 19:45:00,303.66
2021-06-08 20:00:00,298.98
2021-06-08 20:15:00,295.17
2021-06-08 20:30:00,295.17
2021-06-08 20:45:00,295.17
2021-06-08 21:00:00,0.0
2021-06-08 21:15:00,0.0
2021-06-08 21:30:00,0.0
2021-06-08 21:45:00,0.0
2021-06-08 22:00:00,0.0
2021-06-08 22:15:00,0.0
2021-06-08 22:30:00,0.0
2021-06-08 22:45:00,0.0
2021-06-08 23:00:00,0.0
2021-06-08 23:15:00,0.0
2021-06-08 23:30:00,0.0
2021-06-08 23:45:00,0.0
2021-06-09 00:00:00,0.0
2021-06-09 00:15:00,0.0
2021-06-09 00:30:00,0.0
2021-06-09 00:45:00,0.0
2021-06-09 01:00:00,0.0
2021-06-09 01:15:00,0.0
2021-06-09 01:30:00,0.0
2021-06-09 01:45:00,0.0
2021-06-09 02:00:00,0.0
2021-06-09 02:15:00,0.0
2021-06-09 02:30:00,0.0
2021-06-09 02:45:00,0.0
2021-06-09 03:00:00,0.0
2021-06-09 03:15:00,0.0
2021-06-09 03:30:00,0.0
2021-06-09 03:45:00,0.0
2021-06-09 04:00:00,0.0
2021-06-09 04:15:00,0.0
2021-06-09 04:30:00,0.0
2021-06-09 04:45:00,0.0
2021-06-09 05:00:00,0.0
2021-06-09 05:15:00,0.0
2021-06-09 05:30:00,0.0
2021-06-09 05:45:00,0.0
2021-06-09 06:00:00,0.0
2021-06-09 06:15:00,0.0
2021-06-09 06:30:00,0.0
2021-06-09 06:45:00,0.0
2021-06-09 07:00:00,0.0
2021-06-09 07:15:00,0.0
2021-06-09 07:30:00,0.0
2021-06-09 07:45:00,0.0
2021-06-09 08:00:00,0.0
2021-06-09 08:15:00,0.0
2021-06-09 08:30:00,685.63
2021-06-09 08:45:00,685.63
2021-06-09 09:00:00,699.25
2021-06-09 09:15:00,702.03
2021-06-09 09:30:00,672.99
2021-06-09 09:45:00,672.99
2021-06-09 10:00:00,695.71
2021-06-09 10:15:00,695.71
2021-06-09 10:30:00,694.53
2021-06-09 10:45:00,694.53
2021-06-09 11:00:00,694.53
2021-06-09 11:15:00,681.92
2021-06-09 11:30:00,689.73
2021-06-09 11:45:00,689.73
2021-06-09 12:00:00,648.45
2021-06-09 12:15:00,674.33
2021-06-09 12:30:00,646.39
2021-06-09 12:45:00,646.96
2021-06-09 13:00:00,646.96
2021-06-09 13:15:00,680.77
2021-06-09 13:30:00,689.28
2021-06-09 13:45:00,674.39
2021-06-09 14:00:00,674.39
2021-06-09 14:15:00,665.6
2021-06-09 14:30:00,691.18
2021-06-09 14:45:00,688.95
2021-06-09 15:00:00,688.95
2021-06-09 15:15:00,671.09
2021-06-09 15:30:00,716.45
2021-06-09 15:45:00,712.0
2021-06-09 16:00:00,712.0
2021-06-09 16:15:00,712.0
2021-06-09 16:30:00,685.32
2021-06-09 16:45:00,705.53
2021-06-09 17:00:00,705.53
2021-06-09 17:15:00,720.02
2021-06-09 17:30:00,669.42
2021-06-09 17:45:00,669.42
2021-06-09 18:00:00,669.42
2021-06-09 18:15:00,720.24
2021-06-09 18:30:00,704.8
2021-06-09 18:45:00,681.41
2021-06-09 19:00:00,681.41
2021-06-09 19:15:00,636.02
2021-06-09 19:30:00,472.75
2021-06-09 19:45:00,521.29
2021-06-09 20:00:00,521.29
2021-06-09 20:15:00,482.39
2021-06-09 20:30:00,437.94
2021-06-09 20:45:00,0.0
2021-06-09 21:00:00,0.0
2021-06-09 21:15:00,0.0
2021-06-09 21:30:00,0.0
2021-06-09 21:45:00,0.0
2021-06-09 22:00:00,0.0
2021-06-09 22:15:00,0.0
2021-06-09 22:30:00,0.0
2021-06-09 22:45:00,0.0
2021-06-09 23:00:00,0.0
2021-06-09 23:15:00,0.0
2021-06-09 23:30:00,0.0
2021-06-09 23:45:00,0.0
2021-06-10 00:00:00,0.0
2021-06-10 00:15:00,0.0
2021-06-10 00:30:00,0.0
2021-06-10 00:45:00,0.0
2021-06-10 01:00:00,0.0
2021-06-10 01:15:00,0.0
2021-06-10 01:30:00,0.0
2021-06-10 01:45:00,0.0
2021-06-10 02:00:00,0.0
2021-06-10 02:15:00,0.0
2021-06-10 02:30:00,0.0
2021-06-10 02:45:00,0.0
2021-06-10 03:00:00,0.0
2021-06-10 03:15:00,0.0
2021-06-10 03:30:00,0.0
2021-06-10 03:45:00,0.0
2021-06-10 04:00:00,0.0
2021-06-10 04:15:00,0.0
2021-06-10 04:30:00,0.0
2021-06-10 04:45:00,0.0
2021-06-10 05:00:00,0.0
2021-06-10 05:15:00,0.0
2021-06-10 05:30:00,0.0
2021-06-10 05:45:00,0.0
2021-06-10 06:00:00,0.0
2021-06-10 06:15:00,0.0
2021-06-10 06:30:00,0.0
2021-06-10 06:45:00,0.0
2021-06-10 07:00:00,0.0
2021-06-10 07:15:00,0.0
2021-06-10 07:30:00,0.0
2021-06-10 07:45:00,0.0
2021-06-10 08:00:00,557.3
2021-06-10 08:15:00,557.3
2021-06-10 08:30:00,607.54
2021-06-10 08:45:00,607.54
2021-06-10 09:00:00,631.63
2021-06-10 09:15:00,631.63
2021-06-10 09:30:00,612.03
2021-06-10 09:45:00,616.31
2021-06-10 10:00:00,211.62
2021-06-10 10:15:00,211.62
2021-06-10 10:30:00,1181.66
2021-06-10 10:45:00,1181.66
2021-06-10 11:00:00,1116.27
2021-06-10 11:15:00,1116.27
2021-06-10 11:30:00,1111.49
2021-06-10 11:45:00,1111.49
2021-06-10 12:00:00,1042.12
2021-06-10 12:15:00,1042.12
2021-06-10 12:30:00,1042.12
2021-06-10 12:45:00,964.55
2021-06-10 13:00:00,827.32
2021-06-10 13:15:00,827.32
2021-06-10 13:30:00,827.32
2021-06-10 13:45:00,830.87
2021-06-10 14:00:00,788.57
2021-06-10 14:15:00,788.57
2021-06-10 14:30:00,806.94
2021-06-10 14:45:00,809.22
2021-06-10 15:00:00,840.84
2021-06-10 15:15:00,872.16
2021-06-10 15:30:00,617.14
2021-06-10 15:45:00,631.35
2021-06-10 16:00:00,622.03
2021-06-10 16:15:00,622.03
2021-06-10 16:30:00,622.03
2021-06-10 16:45:00,365.54
2021-06-10 17:00:00,417.92
2021-06-10 17:15:00,417.92
2021-06-10 17:30:00,417.92
2021-06-10 17:45:00,441.47
2021-06-10 18:00:00,434.18
2021-06-10 18:15:00,434.18
2021-06-10 18:30:00,449.16
2021-06-10 18:45:00,456.12
2021-06-10 19:00:00,437.2
2021-06-10 19:15:00,437.2
2021-06-10 19:30:00,437.2
2021-06-10 19:45:00,428.02
2021-06-10 20:00:00,428.02
2021-06-10 20:15:00,0.0
2021-06-10 20:30:00,0.0
2021-06-10 20:45:00,0.0
2021-06-10 21:00:00,0.0
2021-06-10 21:15:00,0.0
2021-06-10 21:30:00,0.0
2021-06-10 21:45:00,0.0
2021-06-10 22:00:00,0.0
2021-06-10 22:15:00,0.0
2021-06-10 22:30:00,0.0
2021-06-10 22:45:00,0.0
2021-06-10 23:00:00,0.0
2021-06-10 23:15:00,0.0
2021-06-10 23:30:00,0.0
2021-06-10 23:45:00,0.0
2021-06-11 00:00:00,0.0
2021-06-11 00:15:00,0.0
2021-06-11 00:30:00,0.0
2021-06-11 00:45:00,0.0
2021-06-11 01:00:00,0.0
2021-06-11 01:15:00,0.0
2021-06-11 01:30:00,0.0
2021-06-11 01:45:00,0.0
2021-06-11 02:00:00,0.0
2021-06-11 02:15:00,0.0
2021-06-11 02:30:00,0.0
2021-06-11 02:45:00,0.0
2021-06-11 03:00:00,0.0
2021-06-11 03:15:00,0.0
2021-06-11 03:30:00,0.0
2021-06-11 03:45:00,0.0
2021-06-11 04:00:00,0.0
2021-06-11 04:15:00,0.0
2021-06-11 04:30:00,0.0
2021-06-11 04:45:00,0.0
2021-06-11 05:00:00,0.0
2021-06-11 05:15:00,0.0
2021-06-11 05:30:00,0.0
2021-06-11 05:45:00,0.0
2021-06-11 06:00:00,0.0
2021-06-11 06:15:00,0.0
2021-06-11 06:30:00,0.0
2021-06-11 06:45:00,0.0
2021-06-11 07:00:00,0.0
2021-06-11 07:15:00,0.0
2021-06-11 07:30:00,0.0
2021-06-11 07:45:00,0.0
2021-06-11 08:00:00,0.0
2021-06-11 08:15:00,697.8
2021-06-11 08:30:00,697.8
2021-06-11 08:45:00,700.34
2021-06-11 09:00:00,700.34
2021-06-11 09:15:00,698.15
2021-06-11 09:30:00,698.15
2021-06-11 09:45:00,698.15
2021-06-11 10:00:00,721.15
2021-06-11 10:15:00,723.49
2021-06-11 10:30:00,670.38
2021-06-11 10:45:00,670.38
2021-06-11 11:00:00,704.13
2021-06-11 11:15:00,681.04
2021-06-11 11:30:00,689.94
2021-06-11 11:45:00,689.94
2021-06-11 12:00:00,688.5
2021-06-11 12:15:00,654.07
2021-06-11 12:30:00,613.35
2021-06-11 12:45:00,613.35
2021-06-11 13:00:00,605.06
2021-06-11 13:15:00,574.35
2021-06-11 13:30:00,574.35
2021-06-11 13:45:00,574.35
2021-06-11 14:00:00,617.02
2021-06-11 14:15:00,617.02
2021-06-11 14:30:00,622.23
2021-06-11 14:45:00,622.23
2021-06-11 15:00:00,562.68
2021-06-11 15:15:00,562.68
2021-06-11 15:30:00,653.69
2021-06-11 15:45:00,616.78
2021-06-11 16:00:00,616.78
2021-06-11 16:15:00,622.74
2021-06-11 16:30:00,611.85
2021-06-11 16:45:00,594.95
2021-06-11 17:00:00,608.9
2021-06-11 17:15:00,644.73
2021-06-11 17:30:00,670.45
2021-06-11 17:45:00,670.45
2021-06-11 18:00:00,596.21
2021-06-11 18:15:00,596.21
2021-06-11 18:30:00,423.06
2021-06-11 18:45:00,423.06
2021-06-11 19:00:00,403.79
2021-06-11 19:15:00,364.38
2021-06-11 19:30:00,364.38
2021-06-11 19:45:00,364.38
2021-06-11 20:00:00,364.38
2021-06-11 20:15:00,344.62
2021-06-11 20:30:00,364.04
2021-06-11 20:45:00,364.04
2021-06-11 21:00:00,0.0
2021-06-11 21:15:00,0.0
2021-06-11 21:30:00,0.0
2021-06-11 21:45:00,0.0
2021-06-11 22:00:00,0.0
2021-06-11 22:15:00,0.0
2021-06-11 22:30:00,0.0
2021-06-11 22:45:00,0.0
2021-06-11 23:00:00,0.0
2021-06-11 23:15:00,0.0
2021-06-11 23:30:00,0.0
2021-06-11 23:45:00,0.0
2021-06-12 00:00:00,0.0
2021-06-12 00:15:00,0.0
2021-06-12 00:30:00,0.0
2021-06-12 00:45:00,0.0
2021-06-12 01:00:00,0.0
2021-06-12 01:15:00,0.0
2021-06-12 01:30:00,0.0
2021-06-12 01:45:00,0.0
2021-06-12 02:00:00,0.0
2021-06-12 02:15:00,0.0
2021-06-12 02:30:00,0.0
2021-06-12 02:45:00,0.0
2021-06-12 03:00:00,0.0
2021-06-12 03:15:00,0.0
2021-06-12 03:30:00,0.0
2021-06-12 03:45:00,0.0
2021-06-12 04:00:00,0.0
2021-06-12 04:15:00,0.0
2021-06-12 04:30:00,0.0
2021-06-12 04:45:00,0.0
2021-06-12 05:00:00,0.0
2021-06-12 05:15:00,0.0
2021-06-12 05:30:00,0.0
2021-06-12 05:45:00,0.0
2021-06-12 06:00:00,0.0
2021-06-12 06:15:00,0.0
2021-06-12 06:30:00,0.0
2021-06-12 06:45:00,0.0
2021-06-12 07:00:00,0.0
2021-06-12 07:15:00,0.0
2021-06-12 07:30:00,0.0
2021-06-12 07:45:00,0.0
2021-06-12 08:00:00,0.0
2021-06-12 08:15:00,0.0
2021-06-12 08:30:00,0.0
2021-06-12 08:45:00,0.0
2021-06-12 09:00:00,0.0
2021-06-12 09:15:00,0.0
2021-06-12 09:30:00,360.93
2021-06-12 09:45:00,360.93
2021-06-12 10:00:00,360.93
2021-06-12 10:15:00,360.93
2021-06-12 10:30:00,316.03
2021-06-12 10:45:00,316.03
2021-06-12 11:00:00,316.03
2021-06-12 11:15:00,318.77
2021-06-12 11:30:00,318.77
2021-06-12 11:45:00,291.74
2021-06-12 12:00:00,291.74
2021-06-12 12:15:00,291.74
2021-06-12 12:30:00,277.28
2021-06-12 12:45:00,310.1
2021-06-12 13:00:00,310.1
2021-06-12 13:15:00,306.87
2021-06-12 13:30:00,306.42
2021-06-12 13:45:00,291.47
2021-06-12 14:00:00,291.47
2021-06-12 14:15:00,297.88
2021-06-12 14:30:00,272.69
2021-06-12 14:45:00,-11.01
2021-06-12 15:00:00,-11.01
2021-06-12 15:15:00,290.23
2021-06-12 15:30:00,294.06
2021-06-12 15:45:00,272.85
2021-06-12 16:00:00,272.85
2021-06-12 16:15:00,289.26
2021-06-12 16:30:00,280.97
2021-06-12 16:45:00,275.22
2021-06-12 17:00:00,297.41
2021-06-12 17:15:00,297.41
2021-06-12 17:30:00,274.84
2021-06-12 17:45:00,267.36
2021-06-12 18:00:00,292.52
2021-06-12 18:15:00,292.52
2021-06-12 18:30:00,323.24
2021-06-12 18:45:00,304.83
2021-06-12 19:00:00,304.83
2021-06-12 19:15:00,304.83
2021-06-12 19:30:00,304.83
2021-06-12 19:45:00,304.83
2021-06-12 20:00:00,304.83
2021-06-12 20:15:00,0.0
2021-06-12 20:30:00,0.0
2021-06-12 20:45:00,0.0
2021-06-12 21:00:00,0.0
2021-06-12 21:15:00,0.0
2021-06-12 21:30:00,0.0
2021-06-12 21:45:00,0.0
2021-06-12 22:00:00,0.0
2021-06-12 22:15:00,0.0
2021-06-12 22:30:00,0.0
2021-06-12 22:45:00,0.0
2021-06-12 23:00:00,0.0
2021-06-12 23:15:00,0.0
2021-06-12 23:30:00,0.0
2021-06-12 23:45:00,0.0
2021-06-13 00:00:00,0.0
2021-06-13 00:15:00,0.0
2021-06-13 00:30:00,0.0
2021-06-13 00:45:00,0.0
2021-06-13 01:00:00,0.0
2021-06-13 01:15:00,0.0
2021-06-13 01:30:00,0.0
2021-06-13 01:45:00,0.0
2021-06-13 02:00:00,0.0
2021-06-13 02:15:00,0.0
2021-06-13 02:30:00,0.0
2021-06-13 02:45:00,0.0
2021-06-13 03:00:00,0.0
2021-06-13 03:15:00,0.0
2021-06-13 03:30:00,0.0
2021-06-13 03:45:00,0.0
2021-06-13 04:00:00,0.0
2021-06-13 04:15:00,0.0
2021-06-13 04:30:00,0.0
2021-06-13 04:45:00,0.0
2021-06-13 05:00:00,0.0
2021-06-13 05:15:00,0.0
2021-06-13 05:30:00,0.0
2021-06-13 05:45:00,0.0
2021-06-13 06:00:00,0.0
2021-06-13 06:15:00,0.0
2021-06-13 06:30:00,0.0
2021-06-13 06:45:00,0.0
2021-06-13 07:00:00,0.0
2021-06-13 07:15:00,0.0
2021-06-13 07:30:00,0.0
2021-06-13 07:45:00,0.0
2021-06-13 08:00:00,0.0
2021-06-13 08:15:00,0.0
2021-06-13 08:30:00,0.0
2021-06-13 08:45:00,0.0
2021-06-13 09:00:00,0.0
2021-06-13 09:15:00,71.2
2021-06-13 09:30:00,388.88
2021-06-13 09:45:00,388.88
2021-06-13 10:00:00,414.65
2021-06-13 10:15:00,409.14
2021-06-13 10:30:00,383.36
2021-06-13 10:45:00,383.36
2021-06-13 11:00:00,383.36
2021-06-13 11:15:00,369.28
2021-06-13 11:30:00,369.28
2021-06-13 11:45:00,359.16
2021-06-13 12:00:00,323.31
2021-06-13 12:15:00,319.41
2021-06-13 12:30:00,321.2
2021-06-13 12:45:00,305.63
2021-06-13 13:00:00,317.69
2021-06-13 13:15:00,294.25
2021-06-13 13:30:00,294.25
2021-06-13 13:45:00,265.43
2021-06-13 14:00:00,281.67
2021-06-13 14:15:00,292.94
2021-06-13 14:30:00,292.94
2021-06-13 14:45:00,292.94
2021-06-13 15:00:00,292.94
2021-06-13 15:15:00,292.94
2021-06-13 15:30:00,292.94
2021-06-13 15:45:00,292.94
2021-06-13 16:00:00,292.94
2021-06-13 16:15:00,292.94
2021-06-13 16:30:00,292.94
2021-06-13 16:45:00,309.35
2021-06-13 17:00:00,332.01
2021-06-13 17:15:00,332.01
2021-06-13 17:30:00,332.01
2021-06-13 17:45:00,332.01
2021-06-13 18:00:00,325.45
2021-06-13 18:15:00,308.44
2021-06-13 18:30:00,308.44
2021-06-13 18:45:00,295.53
2021-06-13 19:00:00,295.53
2021-06-13 19:15:00,303.68
2021-06-13 19:30:00,303.68
2021-06-13 19:45:00,295.09
2021-06-13 20:00:00,295.09
2021-06-13 20:15:00,0.0
2021-06-13 20:30:00,0.0
2021-06-13 20:45:00,0.0
2021-06-13 21:00:00,0.0
2021-06-13 21:15:00,0.0
2021-06-13 21:30:00,0.0
2021-06-13 21:45:00,0.0
2021-06-13 22:00:00,0.0
2021-06-13 22:15:00,0.0
2021-06-13 22:30:00,0.0
2021-06-13 22:45:00,0.0
2021-06-13 23:00:00,0.0
2021-06-13 23:15:00,0.0
2021-06-13 23:30:00,0.0
2021-06-13 23:45:00,0.0
2021-06-14 00:00:00,0.0
2021-06-14 00:15:00,0.0
2021-06-14 00:30:00,0.0
2021-06-14 00:45:00,0.0
2021-06-14 01:00:00,0.0
2021-06-14 01:15:00,0.0
2021-06-14 01:30:00,0.0
2021-06-14 01:45:00,0.0
2021-06-14 02:00:00,0.0
2021-06-14 02:15:00,0.0
2021-06-14 02:30:00,0.0
2021-06-14 02:45:00,0.0
2021-06-14 03:00:00,0.0
2021-06-14 03:15:00,0.0
2021-06-14 03:30:00,0.0
2021-06-14 03:45:00,0.0
2021-06-14 04:00:00,0.0
2021-06-14 04:15:00,0.0
2021-06-14 04:30:00,0.0
2021-06-14 04:45:00,0.0
2021-06-14 05:00:00,0.0
2021-06-14 05:15:00,0.0
2021-06-14 05:30:00,0.0
2021-06-14 05:45:00,0.0
2021-06-14 06:00:00,0.0
2021-06-14 06:15:00,0.0
2021-06-14 06:30:00,0.0
2021-06-14 06:45:00,0.0
2021-06-14 07:00:00,0.0
2021-06-14 07:15:00,0.0
2021-06-14 07:30:00,0.0
2021-06-14 07:45:00,0.0
2021-06-14 08:00:00,0.0
2021-06-14 08:15:00,663.27
2021-06-14 08:30:00,663.27
2021-06-14 08:45:00,663.27
2021-06-14 09:00:00,620.5
2021-06-14 09:15:00,620.5
2021-06-14 09:30:00,647.38
2021-06-14 09:45:00,647.38
2021-06-14 10:00:00,636.99
2021-06-14 10:15:00,636.99
2021-06-14 10:30:00,628.84
2021-06-14 10:45:00,628.84
2021-06-14 11:00:00,629.34
2021-06-14 11:15:00,629.34
2021-06-14 11:30:00,627.02
2021-06-14 11:45:00,588.49
2021-06-14 12:00:00,588.49
2021-06-14 12:15:00,597.99
2021-06-14 12:30:00,597.32
2021-06-14 12:45:00,583.87
2021-06-14 13:00:00,583.87
2021-06-14 13:15:00,606.78
2021-06-14 13:30:00,606.78
2021-06-14 13:45:00,600.31
2021-06-14 14:00:00,600.31
2021-06-14 14:15:00,590.3
2021-06-14 14:30:00,603.22
2021-06-14 14:45:00,606.33
2021-06-14 15:00:00,606.33
2021-06-14 15:15:00,589.43
2021-06-14 15:30:00,589.43
2021-06-14 15:45:00,615.04
2021-06-14 16:00:00,622.26
2021-06-14 16:15:00,617.28
2021-06-14 16:30:00,626.12
2021-06-14 16:45:00,626.12
2021-06-14 17:00:00,626.12
2021-06-14 17:15:00,619.08
2021-06-14 17:30:00,613.84
2021-06-14 17:45:00,609.3
2021-06-14 18:00:00,609.3
2021-06-14 18:15:00,285.21
2021-06-14 18:30:00,290.92
2021-06-14 18:45:00,259.84
2021-06-14 19:00:00,262.45
2021-06-14 19:15:00,265.55
2021-06-14 19:30:00,265.55
2021-06-14 19:45:00,263.07
2021-06-14 20:00:00,267.62
2021-06-14 20:15:00,241.46
2021-06-14 20:30:00,241.46
2021-06-14 20:45:00,241.42
2021-06-14 21:00:00,235.0
2021-06-14 21:15:00,0.0
2021-06-14 21:30:00,0.0
2021-06-14 21:45:00,0.0
2021-06-14 22:00:00,0.0
2021-06-14 22:15:00,0.0
2021-06-14 22:30:00,0.0
2021-06-14 22:45:00,0.0
2021-06-14 23:00:00,0.0
2021-06-14 23:15:00,0.0
2021-06-14 23:30:00,0.0
2021-06-14 23:45:00,0.0
2021-06-15 00:00:00,0.0
2021-06-15 00:15:00,0.0
2021-06-15 00:30:00,0.0
2021-06-15 00:45:00,0.0
2021-06-15 01:00:00,0.0
2021-06-15 01:15:00,0.0
2021-06-15 01:30:00,0.0
2021-06-15 01:45:00,0.0
2021-06-15 02:00:00,0.0
2021-06-15 02:15:00,0.0
2021-06-15 02:30:00,0.0
2021-06-15 02:45:00,0.0
2021-06-15 03:00:00,0.0
2021-06-15 03:15:00,0.0
2021-06-15 03:30:00,0.0
2021-06-15 03:45:00,0.0
2021-06-15 04:00:00,0.0
2021-06-15 04:15:00,0.0
2021-06-15 04:30:00,0.0
2021-06-15 04:45:00,0.0
2021-06-15 05:00:00,0.0
2021-06-15 05:15:00,0.0
2021-06-15 05:30:00,0.0
2021-06-15 05:45:00,0.0
2021-06-15 06:00:00,0.0
2021-06-15 06:15:00,0.0
2021-06-15 06:30:00,0.0
2021-06-15 06:45:00,0.0
2021-06-15 07:00:00,0.0
2021-06-15 07:15:00,0.0
2021-06-15 07:30:00,0.0
2021-06-15 07:45:00,0.0
2021-06-15 08:00:00,0.0
2021-06-15 08:15:00,0.0
2021-06-15 08:30:00,701.9
2021-06-15 08:45:00,706.08
2021-06-15 09:00:00,694.79
2021-06-15 09:15:00,693.89
2021-06-15 09:30:00,690.62
2021-06-15 09:45:00,690.62
2021-06-15 10:00:00,679.58
2021-06-15 10:15:00,623.72
2021-06-15 10:30:00,657.79
2021-06-15 10:45:00,657.79
2021-06-15 11:00:00,616.49
2021-06-15 11:15:00,616.49
2021-06-15 11:30:00,594.75
2021-06-15 11:45:00,594.75
2021-06-15 12:00:00,627.41
2021-06-15 12:15:00,627.41
2021-06-15 12:30:00,614.91
2021-06-15 12:45:00,614.91
2021-06-15 13:00:00,604.56
2021-06-15 13:15:00,604.56
2021-06-15 13:30:00,595.92
2021-06-15 13:45:00,595.92
2021-06-15 14:00:00,609.36
2021-06-15 14:15:00,604.96
2021-06-15 14:30:00,604.96
2021-06-15 14:45:00,592.58
2021-06-15 15:00:00,583.72
2021-06-15 15:15:00,548.04
2021-06-15 15:30:00,548.04
2021-06-15 15:45:00,574.59
2021-06-15 16:00:00,565.54
2021-06-15 16:15:00,571.55
2021-06-15 16:30:00,571.55
2021-06-15 16:45:00,585.33
2021-06-15 17:00:00,597.7
2021-06-15 17:15:00,549.01
2021-06-15 17:30:00,549.01
2021-06-15 17:45:00,595.55
2021-06-15 18:00:00,589.05
2021-06-15 18:15:00,420.36
2021-06-15 18:30:00,404.32
2021-06-15 18:45:00,404.32
2021-06-15 19:00:00,425.83
2021-06-15 19:15:00,420.24
2021-06-15 19:30:00,420.24
2021-06-15 19:45:00,356.76
2021-06-15 20:00:00,354.49
2021-06-15 20:15:00,354.49
2021-06-15 20:30:00,345.03
2021-06-15 20:45:00,0.0
2021-06-15 21:00:00,0.0
2021-06-15 21:15:00,0.0
2021-06-15 21:30:00,0.0
2021-06-15 21:45:00,0.0
2021-06-15 22:00:00,0.0
2021-06-15 22:15:00,0.0
2021-06-15 22:30:00,0.0
2021-06-15 22:45:00,0.0
2021-06-15 23:00:00,0.0
2021-06-15 23:15:00,0.0
2021-06-15 23:30:00,0.0
2021-06-15 23:45:00,0.0
2021-06-16 00:00:00,0.0
2021-06-16 00:15:00,0.0
2021-06-16 00:30:00,0.0
2021-06-16 00:45:00,0.0
2021-06-16 01:00:00,0.0
2021-06-16 01:15:00,0.0
2021-06-16 01:30:00,0.0
2021-06-16 01:45:00,0.0
2021-06-16 02:00:00,0.0
2021-06-16 02:15:00,0.0
2021-06-16 02:30:00,0.0
2021-06-16 02:45:00,0.0
2021-06-16 03:00:00,0.0
2021-06-16 03:15:00,0.0
2021-06-16 03:30:00,0.0
2021-06-16 03:45:00,0.0
2021-06-16 04:00:00,0.0
2021-06-16 04:15:00,0.0
2021-06-16 04:30:00,0.0
2021-06-16 04:45:00,0.0
2021-06-16 05:00:00,0.0
2021-06-16 05:15:00,0.0
2021-06-16 05:30:00,0.0
2021-06-16 05:45:00,0.0
2021-06-16 06:00:00,0.0
2021-06-16 06:15:00,0.0
2021-06-16 06:30:00,0.0
2021-06-16 06:45:00,0.0
2021-06-16 07:00:00,0.0
2021-06-16 07:15:00,0.0
2021-06-16 07:30:00,0.0
2021-06-16 07:45:00,0.0
2021-06-16 08:00:00,655.57
2021-06-16 08:15:00,655.57
2021-06-16 08:30:00,452.62
2021-06-16 08:45:00,452.62
2021-06-16 09:00:00,650.51
2021-06-16 09:15:00,657.17
2021-06-16 09:30:00,640.06
2021-06-16 09:45:00,640.06
2021-06-16 10:00:00,625.85
2021-06-16 10:15:00,620.34
2021-06-16 10:30:00,620.34
2021-06-16 10:45:00,620.34
2021-06-16 11:00:00,659.73
2021-06-16 11:15:00,645.17
2021-06-16 11:30:00,613.06
2021-06-16 11:45:00,613.06
2021-06-16 12:00:00,625.62
2021-06-16 12:15:00,625.62
2021-06-16 12:30:00,618.61
2021-06-16 12:45:00,618.61
2021-06-16 13:00:00,602.37
2021-06-16 13:15:00,599.79
2021-06-16 13:30:00,599.79
2021-06-16 13:45:00,622.73
2021-06-16 14:00:00,656.23
2021-06-16 14:15:00,637.91
2021-06-16 14:30:00,656.83
2021-06-16 14:45:00,656.83
2021-06-16 15:00:00,657.71
2021-06-16 15:15:00,657.71
2021-06-16 15:30:00,657.71
2021-06-16 15:45:00,665.87
2021-06-16 16:00:00,653.13
2021-06-16 16:15:00,653.13
2021-06-16 16:30:00,660.65
2021-06-16 16:45:00,660.65
2021-06-16 17:00:00,666.39
2021-06-16 17:15:00,666.39
2021-06-16 17:30:00,661.62
2021-06-16 17:45:00,670.65
2021-06-16 18:00:00,660.07
2021-06-16 18:15:00,643.86
2021-06-16 18:30:00,656.23
2021-06-16 18:45:00,446.94
2021-06-16 19:00:00,431.03
2021-06-16 19:15:00,431.03
2021-06-16 19:30:00,429.75
2021-06-16 19:45:00,429.75
2021-06-16 20:00:00,384.31
2021-06-16 20:15:00,386.28
2021-06-16 20:30:00,0.0
2021-06-16 20:45:00,0.0
2021-06-16 21:00:00,0.0
2021-06-16 21:15:00,0.0
2021-06-16 21:30:00,0.0
2021-06-16 21:45:00,0.0
2021-06-16 22:00:00,0.0
2021-06-16 22:15:00,0.0
2021-06-16 22:30:00,0.0
2021-06-16 22:45:00,0.0
2021-06-16 23:00:00,0.0
2021-06-16 23:15:00,0.0
2021-06-16 23:30:00,0.0
2021-06-16 23:45:00,0.0
2021-06-17 00:00:00,0.0
2021-06-17 00:15:00,0.0
2021-06-17 00:30:00,0.0
2021-06-17 00:45:00,0.0
2021-06-17 01:00:00,0.0
2021-06-17 01:15:00,0.0
2021-06-17 01:30:00,0.0
2021-06-17 01:45:00,0.0
2021-06-17 02:00:00,0.0
2021-06-17 02:15:00,0.0
2021-06-17 02:30:00,0.0
2021-06-17 02:45:00,0.0
2021-06-17 03:00:00,0.0
2021-06-17 03:15:00,0.0
2021-06-17 03:30:00,0.0
2021-06-17 03:45:00,0.0
2021-06-17 04:00:00,0.0
2021-06-17 04:15:00,0.0
2021-06-17 04:30:00,0.0
2021-06-17 04:45:00,0.0
2021-06-17 05:00:00,0.0
2021-06-17 05:15:00,0.0
2021-06-17 05:30:00,0.0
2021-06-17 05:45:00,0.0
2021-06-17 06:00:00,0.0
2021-06-17 06:15:00,0.0
2021-06-17 06:30:00,0.0
2021-06-17 06:45:00,0.0
2021-06-17 07:00:00,0.0
2021-06-17 07:15:00,0.0
2021-06-17 07:30:00,0.0
2021-06-17 07:45:00,0.0
2021-06-17 08:00:00,0.0
2021-06-17 08:15:00,654.24
2021-06-17 08:30:00,654.24
2021-06-17 08:45:00,702.79
2021-06-17 09:00:00,702.79
2021-06-17 09:15:00,703.62
2021-06-17 09:30:00,703.62
2021-06-17 09:45:00,644.42
2021-06-17 10:00:00,700.57
2021-06-17 10:15:00,700.57
2021-06-17 10:30:00,662.72
2021-06-17 10:45:00,700.95
2021-06-17 11:00:00,674.54
2021-06-17 11:15:00,674.54
2021-06-17 11:30:00,714.91
2021-06-17 11:45:00,680.07
2021-06-17 12:00:00,658.9
2021-06-17 12:15:00,661.83
2021-06-17 12:30:00,661.83
2021-06-17 12:45:00,625.09
2021-06-17 13:00:00,645.1
2021-06-17 13:15:00,645.41
2021-06-17 13:30:00,638.72
2021-06-17 13:45:00,632.85
2021-06-17 14:00:00,632.85
2021-06-17 14:15:00,632.85
2021-06-17 14:30:00,602.27
2021-06-17 14:45:00,612.15
2021-06-17 15:00:00,602.04
2021-06-17 15:15:00,602.04
2021-06-17 15:30:00,593.35
2021-06-17 15:45:00,597.99
2021-06-17 16:00:00,605.16
2021-06-17 16:15:00,632.48
2021-06-17 16:30:00,607.43
2021-06-17 16:45:00,607.43
2021-06-17 17:00:00,606.73
2021-06-17 17:15:00,606.73
2021-06-17 17:30:00,593.13
2021-06-17 17:45:00,593.13
2021-06-17 18:00:00,613.36
2021-06-17 18:15:00,387.41
2021-06-17 18:30:00,370.65
2021-06-17 18:45:00,370.65
2021-06-17 19:00:00,355.77
2021-06-17 19:15:00,352.82
2021-06-17 19:30:00,329.32
2021-06-17 19:45:00,329.32
2021-06-17 20:00:00,330.14
2021-06-17 20:15:00,0.0
2021-06-17 20:30:00,0.0
2021-06-17 20:45:00,0.0
2021-06-17 21:00:00,0.0
2021-06-17 21:15:00,0.0
2021-06-17 21:30:00,0.0
2021-06-17 21:45:00,0.0
2021-06-17 22:00:00,0.0
2021-06-17 22:15:00,0.0
2021-06-17 22:30:00,0.0
2021-06-17 22:45:00,0.0
2021-06-17 23:00:00,0.0
2021-06-17 23:15:00,0.0
2021-06-17 23:30:00,0.0
2021-06-17 23:45:00,0.0
2021-06-18 00:00:00,0.0
2021-06-18 00:15:00,0.0
2021-06-18 00:30:00,0.0
2021-06-18 00:45:00,0.0
2021-06-18 01:00:00,0.0
2021-06-18 01:15:00,0.0
2021-06-18 01:30:00,0.0
2021-06-18 01:45:00,0.0
2021-06-18 02:00:00,0.0
2021-06-18 02:15:00,0.0
2021-06-18 02:30:00,0.0
2021-06-18 02:45:00,0.0
2021-06-18 03:00:00,0.0
2021-06-18 03:15:00,0.0
2021-06-18 03:30:00,0.0
2021-06-18 03:45:00,0.0
2021-06-18 04:00:00,0.0
2021-06-18 04:15:00,0.0
2021-06-18 04:30:00,0.0
2021-06-18 04:45:00,0.0
2021-06-18 05:00:00,0.0
2021-06-18 05:15:00,0.0
2021-06-18 05:30:00,0.0
2021-06-18 05:45:00,0.0
2021-06-18 06:00:00,0.0
2021-06-18 06:15:00,0.0
2021-06-18 06:30:00,0.0
2021-06-18 06:45:00,0.0
2021-06-18 07:00:00,0.0
2021-06-18 07:15:00,0.0
2021-06-18 07:30:00,0.0
2021-06-18 07:45:00,0.0
2021-06-18 08:00:00,0.0
2021-06-18 08:15:00,601.77
2021-06-18 08:30:00,647.61
2021-06-18 08:45:00,652.25
2021-06-18 09:00:00,663.55
2021-06-18 09:15:00,666.03
2021-06-18 09:30:00,653.62
2021-06-18 09:45:00,621.9
2021-06-18 10:00:00,672.53
2021-06-18 10:15:00,629.59
2021-06-18 10:30:00,629.59
2021-06-18 10:45:00,611.98
2021-06-18 11:00:00,611.98
2021-06-18 11:15:00,604.45
2021-06-18 11:30:00,582.14
2021-06-18 11:45:00,575.33
2021-06-18 12:00:00,555.66
2021-06-18 12:15:00,518.28
2021-06-18 12:30:00,534.15
2021-06-18 12:45:00,551.78
2021-06-18 13:00:00,546.38
2021-06-18 13:15:00,557.66
2021-06-18 13:30:00,557.66
2021-06-18 13:45:00,546.59
2021-06-18 14:00:00,558.13
2021-06-18 14:15:00,573.67
2021-06-18 14:30:00,573.67
2021-06-18 14:45:00,553.86
2021-06-18 15:00:00,537.68
2021-06-18 15:15:00,522.7
2021-06-18 15:30:00,535.85
2021-06-18 15:45:00,548.36
2021-06-18 16:00:00,548.36
2021-06-18 16:15:00,523.52
2021-06-18 16:30:00,514.69
2021-06-18 16:45:00,514.69
2021-06-18 17:00:00,498.24
2021-06-18 17:15:00,488.31
2021-06-18 17:30:00,493.61
2021-06-18 17:45:00,493.61
2021-06-18 18:00:00,298.11
2021-06-18 18:15:00,279.29
2021-06-18 18:30:00,287.53
2021-06-18 18:45:00,250.71
2021-06-18 19:00:00,263.2
2021-06-18 19:15:00,263.2
2021-06-18 19:30:00,212.96
2021-06-18 19:45:00,212.96
2021-06-18 20:00:00,228.6
2021-06-18 20:15:00,206.62
2021-06-18 20:30:00,206.62
2021-06-18 20:45:00,203.85
2021-06-18 21:00:00,0.0
2021-06-18 21:15:00,0.0
2021-06-18 21:30:00,0.0
2021-06-18 21:45:00,0.0
2021-06-18 22:00:00,0.0
2021-06-18 22:15:00,0.0
2021-06-18 22:30:00,0.0
2021-06-18 22:45:00,0.0
2021-06-18 23:00:00,0.0
2021-06-18 23:15:00,0.0
2021-06-18 23:30:00,0.0
2021-06-18 23:45:00,0.0
2021-06-19 00:00:00,0.0
2021-06-19 00:15:00,0.0
2021-06-19 00:30:00,0.0
2021-06-19 00:45:00,0.0
2021-06-19 01:00:00,0.0
2021-06-19 01:15:00,0.0
2021-06-19 01:30:00,0.0
2021-06-19 01:45:00,0.0
2021-06-19 02:00:00,0.0
2021-06-19 02:15:00,0.0
2021-06-19 02:30:00,0.0
2021-06-19 02:45:00,0.0
2021-06-19 03:00:00,0.0
2021-06-19 03:15:00,0.0
2021-06-19 03:30:00,0.0
2021-06-19 03:45:00,0.0
2021-06-19 04:00:00,0.0
2021-06-19 04:15:00,0.0
2021-06-19 04:30:00,0.0
2021-06-19 04:45:00,0.0
2021-06-19 05:00:00,0.0
2021-06-19 05:15:00,0.0
2021-06-19 05:30:00,0.0
2021-06-19 05:45:00,0.0
2021-06-19 06:00:00,0.0
2021-06-19 06:15:00,0.0
2021-06-19 06:30:00,0.0
2021-06-19 06:45:00,0.0
2021-06-19 07:00:00,0.0
2021-06-19 07:15:00,0.0
2021-06-19 07:30:00,0.0
2021-06-19 07:45:00,0.0
2021-06-19 08:00:00,0.0
2021-06-19 08:15:00,334.81
2021-06-19 08:30:00,350.02
2021-06-19 08:45:00,350.02
2021-06-19 09:00:00,311.76
2021-06-19 09:15:00,313.79
2021-06-19 09:30:00,308.94
2021-06-19 09:45:00,308.94
2021-06-19 10:00:00,317.19
2021-06-19 10:15:00,303.53
2021-06-19 10:30:00,303.53
2021-06-19 10:45:00,301.06
2021-06-19 11:00:00,301.06
2021-06-19 11:15:00,286.96
2021-06-19 11:30:00,309.44
2021-06-19 11:45:00,309.44
2021-06-19 12:00:00,318.22
2021-06-19 12:15:00,304.97
2021-06-19 12:30:00,281.56
2021-06-19 12:45:00,288.77
2021-06-19 13:00:00,288.77
2021-06-19 13:15:00,278.85
2021-06-19 13:30:00,273.06
2021-06-19 13:45:00,278.62
2021-06-19 14:00:00,287.69
2021-06-19 14:15:00,287.69
2021-06-19 14:30:00,312.28
2021-06-19 14:45:00,298.57
2021-06-19 15:00:00,284.58
2021-06-19 15:15:00,300.22
2021-06-19 15:30:00,297.88
2021-06-19 15:45:00,307.24
2021-06-19 16:00:00,307.24
2021-06-19 16:15:00,307.24
2021-06-19 16:30:00,307.24
2021-06-19 16:45:00,307.24
2021-06-19 17:00:00,307.24
2021-06-19 17:15:00,307.24
2021-06-19 17:30:00,307.24
2021-06-19 17:45:00,318.41
2021-06-19 18:00:00,318.41
2021-06-19 18:15:00,316.59
2021-06-19 18:30:00,337.1
2021-06-19 18:45:00,329.11
2021-06-19 19:00:00,329.11
2021-06-19 19:15:00,315.69
2021-06-19 19:30:00,318.08
2021-06-19 19:45:00,327.01
2021-06-19 20:00:00,332.98
2021-06-19 20:15:00,322.25
2021-06-19 20:30:00,0.0
2021-06-19 20:45:00,0.0
2021-06-19 21:00:00,0.0
2021-06-19 21:15:00,0.0
2021-06-19 21:30:00,0.0
2021-06-19 21:45:00,0.0
2021-06-19 22:00:00,0.0
2021-06-19 22:15:00,0.0
2021-06-19 22:30:00,0.0
2021-06-19 22:45:00,0.0
2021-06-19 23:00:00,0.0
2021-06-19 23:15:00,0.0
2021-06-19 23:30:00,0.0
2021-06-19 23:45:00,0.0
2021-06-20 00:00:00,0.0
2021-06-20 00:15:00,0.0
2021-06-20 00:30:00,0.0
2021-06-20 00:45:00,0.0
2021-06-20 01:00:00,0.0
2021-06-20 01:15:00,0.0
2021-06-20 01:30:00,0.0
2021-06-20 01:45:00,0.0
2021-06-20 02:00:00,0.0
2021-06-20 02:15:00,0.0
2021-06-20 02:30:00,0.0
2021-06-20 02:45:00,0.0
2021-06-20 03:00:00,0.0
2021-06-20 03:15:00,0.0
2021-06-20 03:30:00,0.0
2021-06-20 03:45:00,0.0
2021-06-20 04:00:00,0.0
2021-06-20 04:15:00,0.0
2021-06-20 04:30:00,0.0
2021-06-20 04:45:00,0.0
2021-06-20 05:00:00,0.0
2021-06-20 05:15:00,0.0
2021-06-20 05:30:00,0.0
2021-06-20 05:45:00,0.0
2021-06-20 06:00:00,0.0
2021-06-20 06:15:00,0.0
2021-06-20 06:30:00,0.0
2021-06-20 06:45:00,0.0
2021-06-20 07:00:00,0.0
2021-06-20 07:15:00,0.0
2021-06-20 07:30:00,0.0
2021-06-20 07:45:00,0.0
2021-06-20 08:00:00,0.0
2021-06-20 08:15:00,0.0
2021-06-20 08:30:00,289.4
2021-06-20 08:45:00,289.4
2021-06-20 09:00:00,287.42
2021-06-20 09:15:00,304.75
2021-06-20 09:30:00,306.9
2021-06-20 09:45:00,289.77
2021-06-20 10:00:00,301.4
2021-06-20 10:15:00,301.4
2021-06-20 10:30:00,289.67
2021-06-20 10:45:00,289.67
2021-06-20 11:00:00,175.72
2021-06-20 11:15:00,175.72
2021-06-20 11:30:00,159.44
2021-06-20 11:45:00,159.44
2021-06-20 12:00:00,312.43
2021-06-20 12:15:00,312.43
2021-06-20 12:30:00,290.25
2021-06-20 12:45:00,29.18
2021-06-20 13:00:00,282.01
2021-06-20 13:15:00,294.29
2021-06-20 13:30:00,337.72
2021-06-20 13:45:00,337.72
2021-06-20 14:00:00,212.34
2021-06-20 14:15:00,212.34
2021-06-20 14:30:00,320.05
2021-06-20 14:45:00,208.79
2021-06-20 15:00:00,309.13
2021-06-20 15:15:00,309.13
2021-06-20 15:30:00,317.51
2021-06-20 15:45:00,343.88
2021-06-20 16:00:00,291.97
2021-06-20 16:15:00,291.97
2021-06-20 16:30:00,291.97
2021-06-20 16:45:00,293.19
2021-06-20 17:00:00,293.19
2021-06-20 17:15:00,253.57
2021-06-20 17:30:00,253.57
2021-06-20 17:45:00,359.54
2021-06-20 18:00:00,359.54
2021-06-20 18:15:00,303.79
2021-06-20 18:30:00,216.81
2021-06-20 18:45:00,300.77
2021-06-20 19:00:00,346.32
2021-06-20 19:15:00,217.57
2021-06-20 19:30:00,217.57
2021-06-20 19:45:00,206.78
2021-06-20 20:00:00,178.77
2021-06-20 20:15:00,374.68
2021-06-20 20:30:00,187.83
2021-06-20 20:45:00,0.0
2021-06-20 21:00:00,0.0
2021-06-20 21:15:00,0.0
2021-06-20 21:30:00,0.0
2021-06-20 21:45:00,0.0
2021-06-20 22:00:00,0.0
2021-06-20 22:15:00,0.0
2021-06-20 22:30:00,0.0
2021-06-20 22:45:00,0.0
2021-06-20 23:00:00,0.0
2021-06-20 23:15:00,0.0
2021-06-20 23:30:00,0.0
2021-06-20 23:45:00,0.0
2021-06-21 00:00:00,0.0
2021-06-21 00:15:00,0.0
2021-06-21 00:30:00,0.0
2021-06-21 00:45:00,0.0
2021-06-21 01:00:00,0.0
2021-06-21 01:15:00,0.0
2021-06-21 01:30:00,0.0
2021-06-21 01:45:00,0.0
2021-06-21 02:00:00,0.0
2021-06-21 02:15:00,0.0
2021-06-21 02:30:00,0.0
2021-06-21 02:45:00,0.0
2021-06-21 03:00:00,0.0
2021-06-21 03:15:00,0.0
2021-06-21 03:30:00,0.0
2021-06-21 03:45:00,0.0
2021-06-21 04:00:00,0.0
2021-06-21 04:15:00,0.0
2021-06-21 04:30:00,0.0
2021-06-21 04:45:00,0.0
2021-06-21 05:00:00,0.0
2021-06-21 05:15:00,0.0
2021-06-21 05:30:00,0.0
2021-06-21 05:45:00,0.0
2021-06-21 06:00:00,0.0
2021-06-21 06:15:00,0.0
2021-06-21 06:30:00,0.0
2021-06-21 06:45:00,0.0
2021-06-21 07:00:00,0.0
2021-06-21 07:15:00,0.0
2021-06-21 07:30:00,0.0
2021-06-21 07:45:00,0.0
2021-06-21 08:00:00,0.0
2021-06-21 08:15:00,0.0
2021-06-21 08:30:00,714.39
2021-06-21 08:45:00,651.09
2021-06-21 09:00:00,651.09
2021-06-21 09:15:00,694.73
2021-06-21 09:30:00,691.98
2021-06-21 09:45:00,691.98
2021-06-21 10:00:00,698.43
2021-06-21 10:15:00,659.08
2021-06-21 10:30:00,708.78
2021-06-21 10:45:00,652.15
2021-06-21 11:00:00,652.15
2021-06-21 11:15:00,700.8
2021-06-21 11:30:00,690.94
2021-06-21 11:45:00,667.0
2021-06-21 12:00:00,667.0
2021-06-21 12:15:00,685.01
2021-06-21 12:30:00,663.07
2021-06-21 12:45:00,663.07
2021-06-21 13:00:00,662.18
2021-06-21 13:15:00,706.65
2021-06-21 13:30:00,706.65
2021-06-21 13:45:00,707.55
2021-06-21 14:00:00,710.29
2021-06-21 14:15:00,687.78
2021-06-21 14:30:00,677.36
2021-06-21 14:45:00,677.36
2021-06-21 15:00:00,660.95
2021-06-21 15:15:00,652.45
2021-06-21 15:30:00,671.59
2021-06-21 15:45:00,697.11
2021-06-21 16:00:00,661.35
2021-06-21 16:15:00,704.57
2021-06-21 16:30:00,697.2
2021-06-21 16:45:00,697.2
2021-06-21 17:00:00,683.11
2021-06-21 17:15:00,691.64
2021-06-21 17:30:00,664.33
2021-06-21 17:45:00,671.49
2021-06-21 18:00:00,615.05
2021-06-21 18:15:00,615.05
2021-06-21 18:30:00,168.79
2021-06-21 18:45:00,168.79
2021-06-21 19:00:00,180.71
2021-06-21 19:15:00,187.96
2021-06-21 19:30:00,177.74
2021-06-21 19:45:00,197.91
2021-06-21 20:00:00,185.54
2021-06-21 20:15:00,185.54
2021-06-21 20:30:00,175.97
2021-06-21 20:45:00,0.0
2021-06-21 21:00:00,0.0
2021-06-21 21:15:00,0.0
2021-06-21 21:30:00,0.0
2021-06-21 21:45:00,0.0
2021-06-21 22:00:00,0.0
2021-06-21 22:15:00,0.0
2021-06-21 22:30:00,0.0
2021-06-21 22:45:00,0.0
2021-06-21 23:00:00,0.0
2021-06-21 23:15:00,0.0
2021-06-21 23:30:00,0.0
2021-06-21 23:45:00,0.0
2021-06-22 00:00:00,0.0
2021-06-22 00:15:00,0.0
2021-06-22 00:30:00,0.0
2021-06-22 00:45:00,0.0
2021-06-22 01:00:00,0.0
2021-06-22 01:15:00,0.0
2021-06-22 01:30:00,0.0
2021-06-22 01:45:00,0.0
2021-06-22 02:00:00,0.0
2021-06-22 02:15:00,0.0
2021-06-22 02:30:00,0.0
2021-06-22 02:45:00,0.0
2021-06-22 03:00:00,0.0
2021-06-22 03:15:00,0.0
2021-06-22 03:30:00,0.0
2021-06-22 03:45:00,0.0
2021-06-22 04:00:00,0.0
2021-06-22 04:15:00,0.0
2021-06-22 04:30:00,0.0
2021-06-22 04:45:00,0.0
2021-06-22 05:00:00,0.0
2021-06-22 05:15:00,0.0
2021-06-22 05:30:00,0.0
2021-06-22 05:45:00,0.0
2021-06-22 06:00:00,0.0
2021-06-22 06:15:00,0.0
2021-06-22 06:30:00,0.0
2021-06-22 06:45:00,0.0
2021-06-22 07:00:00,0.0
2021-06-22 07:15:00,0.0
2021-06-22 07:30:00,0.0
2021-06-22 07:45:00,0.0
2021-06-22 08:00:00,0.0
2021-06-22 08:15:00,707.92
2021-06-22 08:30:00,691.1
2021-06-22 08:45:00,677.13
2021-06-22 09:00:00,688.8
2021-06-22 09:15:00,674.66
2021-06-22 09:30:00,674.66
2021-06-22 09:45:00,664.92
2021-06-22 10:00:00,690.15
2021-06-22 10:15:00,695.22
2021-06-22 10:30:00,695.22
2021-06-22 10:45:00,696.42
2021-06-22 11:00:00,669.15
2021-06-22 11:15:00,673.72
2021-06-22 11:30:00,692.13
2021-06-22 11:45:00,626.03
2021-06-22 12:00:00,626.03
2021-06-22 12:15:00,653.52
2021-06-22 12:30:00,653.52
2021-06-22 12:45:00,678.13
2021-06-22 13:00:00,667.21
2021-06-22 13:15:00,662.11
2021-06-22 13:30:00,662.11
2021-06-22 13:45:00,684.08
2021-06-22 14:00:00,664.15
2021-06-22 14:15:00,664.15
2021-06-22 14:30:00,657.98
2021-06-22 14:45:00,656.96
2021-06-22 15:00:00,677.92
2021-06-22 15:15:00,677.92
2021-06-22 15:30:00,694.44
2021-06-22 15:45:00,677.83
2021-06-22 16:00:00,681.57
2021-06-22 16:15:00,681.57
2021-06-22 16:30:00,680.98
2021-06-22 16:45:00,665.73
2021-06-22 17:00:00,698.43
2021-06-22 17:15:00,685.15
2021-06-22 17:30:00,685.15
2021-06-22 17:45:00,668.43
2021-06-22 18:00:00,416.27
2021-06-22 18:15:00,438.4
2021-06-22 18:30:00,438.4
2021-06-22 18:45:00,420.43
2021-06-22 19:00:00,420.16
2021-06-22 19:15:00,427.61
2021-06-22 19:30:00,386.35
2021-06-22 19:45:00,386.35
2021-06-22 20:00:00,350.5
2021-06-22 20:15:00,350.5
2021-06-22 20:30:00,0.0
2021-06-22 20:45:00,0.0
2021-06-22 21:00:00,0.0
2021-06-22 21:15:00,0.0
2021-06-22 21:30:00,0.0
2021-06-22 21:45:00,0.0
2021-06-22 22:00:00,0.0
2021-06-22 22:15:00,0.0
2021-06-22 22:30:00,0.0
2021-06-22 22:45:00,0.0
2021-06-22 23:00:00,0.0
2021-06-22 23:15:00,0.0
2021-06-22 23:30:00,0.0
2021-06-22 23:45:00,0.0
2021-06-23 00:00:00,0.0
2021-06-23 00:15:00,0.0
2021-06-23 00:30:00,0.0
2021-06-23 00:45:00,0.0
2021-06-23 01:00:00,0.0
2021-06-23 01:15:00,0.0
2021-06-23 01:30:00,0.0
2021-06-23 01:45:00,0.0
2021-06-23 02:00:00,0.0
2021-06-23 02:15:00,0.0
2021-06-23 02:30:00,0.0
2021-06-23 02:45:00,0.0
2021-06-23 03:00:00,0.0
2021-06-23 03:15:00,0.0
2021-06-23 03:30:00,0.0
2021-06-23 03:45:00,0.0
2021-06-23 04:00:00,0.0
2021-06-23 04:15:00,0.0
2021-06-23 04:30:00,0.0
2021-06-23 04:45:00,0.0
2021-06-23 05:00:00,0.0
2021-06-23 05:15:00,0.0
2021-06-23 05:30:00,0.0
2021-06-23 05:45:00,0.0
2021-06-23 06:00:00,0.0
2021-06-23 06:15:00,0.0
2021-06-23 06:30:00,0.0
2021-06-23 06:45:00,0.0
2021-06-23 07:00:00,0.0
2021-06-23 07:15:00,0.0
2021-06-23 07:30:00,0.0
2021-06-23 07:45:00,0.0
2021-06-23 08:00:00,0.0
2021-06-23 08:15:00,0.0
2021-06-23 08:30:00,626.88
2021-06-23 08:45:00,688.92
2021-06-23 09:00:00,688.92
2021-06-23 09:15:00,547.34
2021-06-23 09:30:00,547.34
2021-06-23 09:45:00,656.79
2021-06-23 10:00:00,644.18
2021-06-23 10:15:00,638.97
2021-06-23 10:30:00,656.97
2021-06-23 10:45:00,633.57
2021-06-23 11:00:00,633.57
2021-06-23 11:15:00,612.13
2021-06-23 11:30:00,612.13
2021-06-23 11:45:00,647.94
2021-06-23 12:00:00,647.94
2021-06-23 12:15:00,629.12
2021-06-23 12:30:00,626.55
2021-06-23 12:45:00,645.21
2021-06-23 13:00:00,645.21
2021-06-23 13:15:00,637.06
2021-06-23 13:30:00,637.06
2021-06-23 13:45:00,637.57
2021-06-23 14:00:00,620.39
2021-06-23 14:15:00,653.95
2021-06-23 14:30:00,645.32
2021-06-23 14:45:00,631.02
2021-06-23 15:00:00,635.86
2021-06-23 15:15:00,458.11
2021-06-23 15:30:00,458.11
2021-06-23 15:45:00,458.11
2021-06-23 16:00:00,467.06
2021-06-23 16:15:00,453.3
2021-06-23 16:30:00,460.81
2021-06-23 16:45:00,468.69
2021-06-23 17:00:00,472.11
2021-06-23 17:15:00,472.11
2021-06-23 17:30:00,442.26
2021-06-23 17:45:00,432.27
2021-06-23 18:00:00,432.27
2021-06-23 18:15:00,451.31
2021-06-23 18:30:00,451.31
2021-06-23 18:45:00,433.06
2021-06-23 19:00:00,457.94
2021-06-23 19:15:00,181.87
2021-06-23 19:30:00,464.11
2021-06-23 19:45:00,402.74
2021-06-23 20:00:00,402.74
2021-06-23 20:15:00,415.56
2021-06-23 20:30:00,398.01
2021-06-23 20:45:00,0.0
2021-06-23 21:00:00,0.0
2021-06-23 21:15:00,0.0
2021-06-23 21:30:00,0.0
2021-06-23 21:45:00,0.0
2021-06-23 22:00:00,0.0
2021-06-23 22:15:00,0.0
2021-06-23 22:30:00,0.0
2021-06-23 22:45:00,0.0
2021-06-23 23:00:00,0.0
2021-06-23 23:15:00,0.0
2021-06-23 23:30:00,0.0
2021-06-23 23:45:00,0.0
2021-06-24 00:00:00,0.0
2021-06-24 00:15:00,0.0
2021-06-24 00:30:00,0.0
2021-06-24 00:45:00,0.0
2021-06-24 01:00:00,0.0
2021-06-24 01:15:00,0.0
2021-06-24 01:30:00,0.0
2021-06-24 01:45:00,0.0
2021-06-24 02:00:00,0.0
2021-06-24 02:15:00,0.0
2021-06-24 02:30:00,0.0
2021-06-24 02:45:00,0.0
2021-06-24 03:00:00,0.0
2021-06-24 03:15:00,0.0
2021-06-24 03:30:00,0.0
2021-06-24 03:45:00,0.0
2021-06-24 04:00:00,0.0
2021-06-24 04:15:00,0.0
2021-06-24 04:30:00,0.0
2021-06-24 04:45:00,0.0
2021-06-24 05:00:00,0.0
2021-06-24 05:15:00,0.0
2021-06-24 05:30:00,0.0
2021-06-24 05:45:00,0.0
2021-06-24 06:00:00,0.0
2021-06-24 06:15:00,0.0
2021-06-24 06:30:00,0.0
2021-06-24 06:45:00,0.0
2021-06-24 07:00:00,0.0
2021-06-24 07:15:00,0.0
2021-06-24 07:30:00,0.0
2021-06-24 07:45:00,0.0
2021-06-24 08:00:00,0.0
2021-06-24 08:15:00,651.7
2021-06-24 08:30:00,712.58
2021-06-24 08:45:00,712.58
2021-06-24 09:00:00,699.22
2021-06-24 09:15:00,699.22
2021-06-24 09:30:00,732.84
2021-06-24 09:45:00,719.54
2021-06-24 10:00:00,751.03
2021-06-24 10:15:00,751.03
2021-06-24 10:30:00,734.22
2021-06-24 10:45:00,734.22
2021-06-24 11:00:00,678.3
2021-06-24 11:15:00,678.3
2021-06-24 11:30:00,712.72
2021-06-24 11:45:00,712.72
2021-06-24 12:00:00,732.45
2021-06-24 12:15:00,729.67
2021-06-24 12:30:00,734.35
2021-06-24 12:45:00,708.39
2021-06-24 13:00:00,692.34
2021-06-24 13:15:00,692.34
2021-06-24 13:30:00,759.35
2021-06-24 13:45:00,699.45
2021-06-24 14:00:00,726.32
2021-06-24 14:15:00,711.44
2021-06-24 14:30:00,711.44
2021-06-24 14:45:00,763.2
2021-06-24 15:00:00,763.2
2021-06-24 15:15:00,763.2
2021-06-24 15:30:00,691.32
2021-06-24 15:45:00,728.82
2021-06-24 16:00:00,709.24
2021-06-24 16:15:00,709.24
2021-06-24 16:30:00,713.44
2021-06-24 16:45:00,729.77
2021-06-24 17:00:00,729.77
2021-06-24 17:15:00,688.83
2021-06-24 17:30:00,688.83
2021-06-24 17:45:00,688.83
2021-06-24 18:00:00,703.42
2021-06-24 18:15:00,513.51
2021-06-24 18:30:00,516.67
2021-06-24 18:45:00,499.19
2021-06-24 19:00:00,507.71
2021-06-24 19:15:00,461.61
2021-06-24 19:30:00,488.85
2021-06-24 19:45:00,488.85
2021-06-24 20:00:00,461.73
2021-06-24 20:15:00,436.77
2021-06-24 20:30:00,436.77
2021-06-24 20:45:00,0.0
2021-06-24 21:00:00,0.0
2021-06-24 21:15:00,0.0
2021-06-24 21:30:00,0.0
2021-06-24 21:45:00,0.0
2021-06-24 22:00:00,0.0
2021-06-24 22:15:00,0.0
2021-06-24 22:30:00,0.0
2021-06-24 22:45:00,0.0
2021-06-24 23:00:00,0.0
2021-06-24 23:15:00,0.0
2021-06-24 23:30:00,0.0
2021-06-24 23:45:00,0.0
2021-06-25 00:00:00,0.0
2021-06-25 00:15:00,0.0
2021-06-25 00:30:00,0.0
2021-06-25 00:45:00,0.0
2021-06-25 01:00:00,0.0
2021-06-25 01:15:00,0.0
2021-06-25 01:30:00,0.0
2021-06-25 01:45:00,0.0
2021-06-25 02:00:00,0.0
2021-06-25 02:15:00,0.0
2021-06-25 02:30:00,0.0
2021-06-25 02:45:00,0.0
2021-06-25 03:00:00,0.0
2021-06-25 03:15:00,0.0
2021-06-25 03:30:00,0.0
2021-06-25 03:45:00,0.0
2021-06-25 04:00:00,0.0
2021-06-25 04:15:00,0.0
2021-06-25 04:30:00,0.0
2021-06-25 04:45:00,0.0
2021-06-25 05:00:00,0.0
2021-06-25 05:15:00,0.0
2021-06-25 05:30:00,0.0
2021-06-25 05:45:00,0.0
2021-06-25 06:00:00,0.0
2021-06-25 06:15:00,0.0
2021-06-25 06:30:00,0.0
2021-06-25 06:45:00,0.0
2021-06-25 07:00:00,0.0
2021-06-25 07:15:00,0.0
2021-06-25 07:30:00,0.0
2021-06-25 07:45:00,0.0
2021-06-25 08:00:00,0.0
2021-06-25 08:15:00,0.0
2021-06-25 08:30:00,665.34
2021-06-25 08:45:00,665.34
2021-06-25 09:00:00,636.76
2021-06-25 09:15:00,646.4
2021-06-25 09:30:00,652.51
2021-06-25 09:45:00,636.89
2021-06-25 10:00:00,636.89
2021-06-25 10:15:00,636.89
2021-06-25 10:30:00,639.84
2021-06-25 10:45:00,645.75
2021-06-25 11:00:00,615.76
2021-06-25 11:15:00,650.48
2021-06-25 11:30:00,621.52
2021-06-25 11:45:00,621.52
2021-06-25 12:00:00,633.36
2021-06-25 12:15:00,633.36
2021-06-25 12:30:00,644.31
2021-06-25 12:45:00,632.29
2021-06-25 13:00:00,651.48
2021-06-25 13:15:00,626.97
2021-06-25 13:30:00,641.2
2021-06-25 13:45:00,650.42
2021-06-25 14:00:00,606.59
2021-06-25 14:15:00,628.96
2021-06-25 14:30:00,242.68
2021-06-25 14:45:00,242.68
2021-06-25 15:00:00,663.12
2021-06-25 15:15:00,663.12
2021-06-25 15:30:00,636.76
2021-06-25 15:45:00,636.76
2021-06-25 16:00:00,643.34
2021-06-25 16:15:00,658.16
2021-06-25 16:30:00,646.22
2021-06-25 16:45:00,663.7
2021-06-25 17:00:00,641.81
2021-06-25 17:15:00,654.45
2021-06-25 17:30:00,645.5
2021-06-25 17:45:00,645.5
2021-06-25 18:00:00,586.49
2021-06-25 18:15:00,603.57
2021-06-25 18:30:00,434.46
2021-06-25 18:45:00,434.46
2021-06-25 19:00:00,418.67
2021-06-25 19:15:00,409.97
2021-06-25 19:30:00,423.46
2021-06-25 19:45:00,400.39
2021-06-25 20:00:00,400.39
2021-06-25 20:15:00,353.85
2021-06-25 20:30:00,384.5
2021-06-25 20:45:00,0.0
2021-06-25 21:00:00,0.0
2021-06-25 21:15:00,0.0
2021-06-25 21:30:00,0.0
2021-06-25 21:45:00,0.0
2021-06-25 22:00:00,0.0
2021-06-25 22:15:00,0.0
2021-06-25 22:30:00,0.0
2021-06-25 22:45:00,0.0
2021-06-25 23:00:00,0.0
2021-06-25 23:15:00,0.0
2021-06-25 23:30:00,0.0
2021-06-25 23:45:00,0.0
2021-06-26 00:00:00,0.0
2021-06-26 00:15:00,0.0
2021-06-26 00:30:00,0.0
2021-06-26 00:45:00,0.0
2021-06-26 01:00:00,0.0
2021-06-26 01:15:00,0.0
2021-06-26 01:30:00,0.0
2021-06-26 01:45:00,0.0
2021-06-26 02:00:00,0.0
2021-06-26 02:15:00,0.0
2021-06-26 02:30:00,0.0
2021-06-26 02:45:00,0.0
2021-06-26 03:00:00,0.0
2021-06-26 03:15:00,0.0
2021-06-26 03:30:00,0.0
2021-06-26 03:45:00,0.0
2021-06-26 04:00:00,0.0
2021-06-26 04:15:00,0.0
2021-06-26 04:30:00,0.0
2021-06-26 04:45:00,0.0
2021-06-26 05:00:00,0.0
2021-06-26 05:15:00,0.0
2021-06-26 05:30:00,0.0
2021-06-26 05:45:00,0.0
2021-06-26 06:00:00,0.0
2021-06-26 06:15:00,0.0
2021-06-26 06:30:00,0.0
2021-06-26 06:45:00,0.0
2021-06-26 07:00:00,0.0
2021-06-26 07:15:00,0.0
2021-06-26 07:30:00,0.0
2021-06-26 07:45:00,0.0
2021-06-26 08:00:00,84.01
2021-06-26 08:15:00,352.9
2021-06-26 08:30:00,390.66
2021-06-26 08:45:00,393.27
2021-06-26 09:00:00,352.17
2021-06-26 09:15:00,349.27
2021-06-26 09:30:00,349.27
2021-06-26 09:45:00,357.86
2021-06-26 10:00:00,335.34
2021-06-26 10:15:00,335.34
2021-06-26 10:30:00,332.74
2021-06-26 10:45:00,332.74
2021-06-26 11:00:00,335.16
2021-06-26 11:15:00,335.16
2021-06-26 11:30:00,335.78
2021-06-26 11:45:00,324.53
2021-06-26 12:00:00,306.76
2021-06-26 12:15:00,291.99
2021-06-26 12:30:00,297.37
2021-06-26 12:45:00,297.37
2021-06-26 13:00:00,303.38
2021-06-26 13:15:00,304.94
2021-06-26 13:30:00,291.14
2021-06-26 13:45:00,291.14
2021-06-26 14:00:00,271.51
2021-06-26 14:15:00,271.51
2021-06-26 14:30:00,286.35
2021-06-26 14:45:00,286.35
2021-06-26 15:00:00,288.15
2021-06-26 15:15:00,288.15
2021-06-26 15:30:00,290.87
2021-06-26 15:45:00,284.59
2021-06-26 16:00:00,289.42
2021-06-26 16:15:00,289.42
2021-06-26 16:30:00,292.58
2021-06-26 16:45:00,255.71
2021-06-26 17:00:00,107.19
2021-06-26 17:15:00,56.08
2021-06-26 17:30:00,225.7
2021-06-26 17:45:00,265.2
2021-06-26 18:00:00,269.13
2021-06-26 18:15:00,278.12
2021-06-26 18:30:00,283.57
2021-06-26 18:45:00,282.92
2021-06-26 19:00:00,247.73
2021-06-26 19:15:00,276.63
2021-06-26 19:30:00,275.9
2021-06-26 19:45:00,275.9
2021-06-26 20:00:00,254.54
2021-06-26 20:15:00,278.94
2021-06-26 20:30:00,257.2
2021-06-26 20:45:00,277.9
2021-06-26 21:00:00,0.0
2021-06-26 21:15:00,0.0
2021-06-26 21:30:00,0.0
2021-06-26 21:45:00,0.0
2021-06-26 22:00:00,0.0
2021-06-26 22:15:00,0.0
2021-06-26 22:30:00,0.0
2021-06-26 22:45:00,0.0
2021-06-26 23:00:00,0.0
2021-06-26 23:15:00,0.0
2021-06-26 23:30:00,0.0
2021-06-26 23:45:00,0.0
2021-06-27 00:00:00,0.0
2021-06-27 00:15:00,0.0
2021-06-27 00:30:00,0.0
2021-06-27 00:45:00,0.0
2021-06-27 01:00:00,0.0
2021-06-27 01:15:00,0.0
2021-06-27 01:30:00,0.0
2021-06-27 01:45:00,0.0
2021-06-27 02:00:00,0.0
2021-06-27 02:15:00,0.0
2021-06-27 02:30:00,0.0
2021-06-27 02:45:00,0.0
2021-06-27 03:00:00,0.0
2021-06-27 03:15:00,0.0
2021-06-27 03:30:00,0.0
2021-06-27 03:45:00,0.0
2021-06-27 04:00:00,0.0
2021-06-27 04:15:00,0.0
2021-06-27 04:30:00,0.0
2021-06-27 04:45:00,0.0
2021-06-27 05:00:00,0.0
2021-06-27 05:15:00,0.0
2021-06-27 05:30:00,0.0
2021-06-27 05:45:00,0.0
2021-06-27 06:00:00,0.0
2021-06-27 06:15:00,0.0
2021-06-27 06:30:00,0.0
2021-06-27 06:45:00,0.0
2021-06-27 07:00:00,0.0
2021-06-27 07:15:00,0.0
2021-06-27 07:30:00,0.0
2021-06-27 07:45:00,0.0
2021-06-27 08:00:00,0.0
2021-06-27 08:15:00,276.32
2021-06-27 08:30:00,276.32
2021-06-27 08:45:00,303.55
2021-06-27 09:00:00,296.93
2021-06-27 09:15:00,303.46
2021-06-27 09:30:00,274.98
2021-06-27 09:45:00,311.89
2021-06-27 10:00:00,311.89
2021-06-27 10:15:00,301.81
2021-06-27 10:30:00,301.81
2021-06-27 10:45:00,301.81
2021-06-27 11:00:00,-295.86
2021-06-27 11:15:00,300.3
2021-06-27 11:30:00,295.68
2021-06-27 11:45:00,295.68
2021-06-27 12:00:00,286.19
2021-06-27 12:15:00,299.61
2021-06-27 12:30:00,299.61
2021-06-27 12:45:00,282.04
2021-06-27 13:00:00,282.04
2021-06-27 13:15:00,290.75
2021-06-27 13:30:00,290.75
2021-06-27 13:45:00,282.73
2021-06-27 14:00:00,291.78
2021-06-27 14:15:00,284.22
2021-06-27 14:30:00,293.21
2021-06-27 14:45:00,290.93
2021-06-27 15:00:00,290.93
2021-06-27 15:15:00,290.93
2021-06-27 15:30:00,278.25
2021-06-27 15:45:00,279.75
2021-06-27 16:00:00,279.75
2021-06-27 16:15:00,279.75
2021-06-27 16:30:00,293.46
2021-06-27 16:45:00,283.23
2021-06-27 17:00:00,280.86
2021-06-27 17:15:00,280.86
2021-06-27 17:30:00,287.16
2021-06-27 17:45:00,284.31
2021-06-27 18:00:00,273.61
2021-06-27 18:15:00,273.61
2021-06-27 18:30:00,278.69
2021-06-27 18:45:00,296.86
2021-06-27 19:00:00,286.87
2021-06-27 19:15:00,286.87
2021-06-27 19:30:00,292.45
2021-06-27 19:45:00,286.82
2021-06-27 20:00:00,301.14
2021-06-27 20:15:00,301.14
2021-06-27 20:30:00,288.46
2021-06-27 20:45:00,0.0
2021-06-27 21:00:00,0.0
2021-06-27 21:15:00,0.0
2021-06-27 21:30:00,0.0
2021-06-27 21:45:00,0.0
2021-06-27 22:00:00,0.0
2021-06-27 22:15:00,0.0
2021-06-27 22:30:00,0.0
2021-06-27 22:45:00,0.0
2021-06-27 23:00:00,0.0
2021-06-27 23:15:00,0.0
2021-06-27 23:30:00,0.0
2021-06-27 23:45:00,0.0
2021-06-28 00:00:00,0.0
2021-06-28 00:15:00,0.0
2021-06-28 00:30:00,0.0
2021-06-28 00:45:00,0.0
2021-06-28 01:00:00,0.0
2021-06-28 01:15:00,0.0
2021-06-28 01:30:00,0.0
2021-06-28 01:45:00,0.0
2021-06-28 02:00:00,0.0
2021-06-28 02:15:00,0.0
2021-06-28 02:30:00,0.0
2021-06-28 02:45:00,0.0
2021-06-28 03:00:00,0.0
2021-06-28 03:15:00,0.0
2021-06-28 03:30:00,0.0
2021-06-28 03:45:00,0.0
2021-06-28 04:00:00,0.0
2021-06-28 04:15:00,0.0
2021-06-28 04:30:00,0.0
2021-06-28 04:45:00,0.0
2021-06-28 05:00:00,0.0
2021-06-28 05:15:00,0.0
2021-06-28 05:30:00,0.0
2021-06-28 05:45:00,0.0
2021-06-28 06:00:00,0.0
2021-06-28 06:15:00,0.0
2021-06-28 06:30:00,0.0
2021-06-28 06:45:00,0.0
2021-06-28 07:00:00,0.0
2021-06-28 07:15:00,0.0
2021-06-28 07:30:00,0.0
2021-06-28 07:45:00,0.0
2021-06-28 08:00:00,218.96
2021-06-28 08:15:00,682.44
2021-06-28 08:30:00,682.44
2021-06-28 08:45:00,658.61
2021-06-28 09:00:00,674.72
2021-06-28 09:15:00,669.6
2021-06-28 09:30:00,669.6
2021-06-28 09:45:00,681.33
2021-06-28 10:00:00,681.33
2021-06-28 10:15:00,254.1
2021-06-28 10:30:00,647.19
2021-06-28 10:45:00,674.63
2021-06-28 11:00:00,685.14
2021-06-28 11:15:00,670.74
2021-06-28 11:30:00,688.92
2021-06-28 11:45:00,688.92
2021-06-28 12:00:00,701.16
2021-06-28 12:15:00,675.84
2021-06-28 12:30:00,687.67
2021-06-28 12:45:00,661.27
2021-06-28 13:00:00,661.27
2021-06-28 13:15:00,684.28
2021-06-28 13:30:00,684.28
2021-06-28 13:45:00,670.51
2021-06-28 14:00:00,680.87
2021-06-28 14:15:00,690.65
2021-06-28 14:30:00,676.59
2021-06-28 14:45:00,677.67
2021-06-28 15:00:00,677.67
2021-06-28 15:15:00,663.17
2021-06-28 15:30:00,463.56
2021-06-28 15:45:00,641.47
2021-06-28 16:00:00,669.87
2021-06-28 16:15:00,670.11
2021-06-28 16:30:00,670.11
2021-06-28 16:45:00,666.51
2021-06-28 17:00:00,666.36
2021-06-28 17:15:00,663.14
2021-06-28 17:30:00,663.14
2021-06-28 17:45:00,647.95
2021-06-28 18:00:00,647.95
2021-06-28 18:15:00,643.78
2021-06-28 18:30:00,643.78
2021-06-28 18:45:00,433.24
2021-06-28 19:00:00,433.24
2021-06-28 19:15:00,430.32
2021-06-28 19:30:00,441.15
2021-06-28 19:45:00,428.7
2021-06-28 20:00:00,428.7
2021-06-28 20:15:00,438.76
2021-06-28 20:30:00,433.72
2021-06-28 20:45:00,0.0
2021-06-28 21:00:00,0.0
2021-06-28 21:15:00,0.0
2021-06-28 21:30:00,0.0
2021-06-28 21:45:00,0.0
2021-06-28 22:00:00,0.0
2021-06-28 22:15:00,0.0
2021-06-28 22:30:00,0.0
2021-06-28 22:45:00,0.0
2021-06-28 23:00:00,0.0
2021-06-28 23:15:00,0.0
2021-06-28 23:30:00,0.0
2021-06-28 23:45:00,0.0
2021-06-29 00:00:00,0.0
2021-06-29 00:15:00,0.0
2021-06-29 00:30:00,0.0
2021-06-29 00:45:00,0.0
2021-06-29 01:00:00,0.0
2021-06-29 01:15:00,0.0
2021-06-29 01:30:00,0.0
2021-06-29 01:45:00,0.0
2021-06-29 02:00:00,0.0
2021-06-29 02:15:00,0.0
2021-06-29 02:30:00,0.0
2021-06-29 02:45:00,0.0
2021-06-29 03:00:00,0.0
2021-06-29 03:15:00,0.0
2021-06-29 03:30:00,0.0
2021-06-29 03:45:00,0.0
2021-06-29 04:00:00,0.0
2021-06-29 04:15:00,0.0
2021-06-29 04:30:00,0.0
2021-06-29 04:45:00,0.0
2021-06-29 05:00:00,0.0
2021-06-29 05:15:00,0.0
2021-06-29 05:30:00,0.0
2021-06-29 05:45:00,0.0
2021-06-29 06:00:00,0.0
2021-06-29 06:15:00,0.0
2021-06-29 06:30:00,0.0
2021-06-29 06:45:00,0.0
2021-06-29 07:00:00,0.0
2021-06-29 07:15:00,0.0
2021-06-29 07:30:00,0.0
2021-06-29 07:45:00,0.0
2021-06-29 08:00:00,596.0
2021-06-29 08:15:00,686.66
2021-06-29 08:30:00,687.9
2021-06-29 08:45:00,687.9
2021-06-29 09:00:00,859.41
2021-06-29 09:15:00,336.46
2021-06-29 09:30:00,336.46
2021-06-29 09:45:00,336.46
2021-06-29 10:00:00,1289.63
2021-06-29 10:15:00,1289.63
2021-06-29 10:30:00,1304.22
2021-06-29 10:45:00,1291.07
2021-06-29 11:00:00,1239.47
2021-06-29 11:15:00,1239.47
2021-06-29 11:30:00,1196.28
2021-06-29 11:45:00,1200.07
2021-06-29 12:00:00,1098.19
2021-06-29 12:15:00,1098.19
2021-06-29 12:30:00,1139.88
2021-06-29 12:45:00,1139.88
2021-06-29 13:00:00,1139.88
2021-06-29 13:15:00,925.85
2021-06-29 13:30:00,905.98
2021-06-29 13:45:00,905.98
2021-06-29 14:00:00,905.98
2021-06-29 14:15:00,965.37
2021-06-29 14:30:00,965.37
2021-06-29 14:45:00,980.36
2021-06-29 15:00:00,969.45
2021-06-29 15:15:00,969.45
2021-06-29 15:30:00,969.45
2021-06-29 15:45:00,986.97
2021-06-29 16:00:00,986.97
2021-06-29 16:15:00,1032.05
2021-06-29 16:30:00,1032.05
2021-06-29 16:45:00,1017.98
2021-06-29 17:00:00,1017.98
2021-06-29 17:15:00,801.5
2021-06-29 17:30:00,519.72
2021-06-29 17:45:00,497.47
2021-06-29 18:00:00,497.47
2021-06-29 18:15:00,357.91
2021-06-29 18:30:00,352.15
2021-06-29 18:45:00,397.59
2021-06-29 19:00:00,397.59
2021-06-29 19:15:00,405.43
2021-06-29 19:30:00,405.43
2021-06-29 19:45:00,402.99
2021-06-29 20:00:00,402.99
2021-06-29 20:15:00,413.9
2021-06-29 20:30:00,389.27
2021-06-29 20:45:00,0.0
2021-06-29 21:00:00,0.0
2021-06-29 21:15:00,0.0
2021-06-29 21:30:00,0.0
2021-06-29 21:45:00,0.0
2021-06-29 22:00:00,0.0
2021-06-29 22:15:00,0.0
2021-06-29 22:30:00,0.0
2021-06-29 22:45:00,0.0
2021-06-29 23:00:00,0.0
2021-06-29 23:15:00,0.0
2021-06-29 23:30:00,0.0
2021-06-29 23:45:00,0.0
2021-06-30 00:00:00,0.0
2021-06-30 00:15:00,0.0
2021-06-30 00:30:00,0.0
2021-06-30 00:45:00,0.0
2021-06-30 01:00:00,0.0
2021-06-30 01:15:00,0.0
2021-06-30 01:30:00,0.0
2021-06-30 01:45:00,0.0
2021-06-30 02:00:00,0.0
2021-06-30 02:15:00,0.0
2021-06-30 02:30:00,0.0
2021-06-30 02:45:00,0.0
2021-06-30 03:00:00,0.0
2021-06-30 03:15:00,0.0
2021-06-30 03:30:00,0.0
2021-06-30 03:45:00,0.0
2021-06-30 04:00:00,0.0
2021-06-30 04:15:00,0.0
2021-06-30 04:30:00,0.0
2021-06-30 04:45:00,0.0
2021-06-30 05:00:00,0.0
2021-06-30 05:15:00,0.0
2021-06-30 05:30:00,0.0
2021-06-30 05:45:00,0.0
2021-06-30 06:00:00,0.0
2021-06-30 06:15:00,0.0
2021-06-30 06:30:00,0.0
2021-06-30 06:45:00,0.0
2021-06-30 07:00:00,0.0
2021-06-30 07:15:00,0.0
2021-06-30 07:30:00,0.0
2021-06-30 07:45:00,0.0
2021-06-30 08:00:00,1131.23
2021-06-30 08:15:00,1131.23
2021-06-30 08:30:00,1055.69
2021-06-30 08:45:00,1055.69
2021-06-30 09:00:00,1167.34
2021-06-30 09:15:00,1167.34
2021-06-30 09:30:00,1158.38
2021-06-30 09:45:00,864.11
2021-06-30 10:00:00,875.45
2021-06-30 10:15:00,878.77
2021-06-30 10:30:00,860.57
2021-06-30 10:45:00,860.57
2021-06-30 11:00:00,871.77
2021-06-30 11:15:00,885.09
2021-06-30 11:30:00,889.71
2021-06-30 11:45:00,889.71
2021-06-30 12:00:00,906.18
2021-06-30 12:15:00,906.18
2021-06-30 12:30:00,917.7
2021-06-30 12:45:00,900.93
2021-06-30 13:00:00,871.08
2021-06-30 13:15:00,871.08
2021-06-30 13:30:00,895.05
2021-06-30 13:45:00,888.04
2021-06-30 14:00:00,868.64
2021-06-30 14:15:00,868.64
2021-06-30 14:30:00,934.91
2021-06-30 14:45:00,934.91
2021-06-30 15:00:00,918.37
2021-06-30 15:15:00,893.72
2021-06-30 15:30:00,895.97
2021-06-30 15:45:00,882.03
2021-06-30 16:00:00,882.03
2021-06-30 16:15:00,908.06
2021-06-30 16:30:00,919.11
2021-06-30 16:45:00,919.11
2021-06-30 17:00:00,949.26
2021-06-30 17:15:00,911.99
2021-06-30 17:30:00,865.01
2021-06-30 17:45:00,865.01
2021-06-30 18:00:00,734.92
2021-06-30 18:15:00,286.25
2021-06-30 18:30:00,264.8
2021-06-30 18:45:00,264.8
2021-06-30 19:00:00,291.1
2021-06-30 19:15:00,322.95
2021-06-30 19:30:00,322.95
2021-06-30 19:45:00,318.87
2021-06-30 20:00:00,319.43
2021-06-30 20:15:00,315.64
2021-06-30 20:30:00,320.67
2021-06-30 20:45:00,320.67
2021-06-30 21:00:00,0.0
2021-06-30 21:15:00,0.0
2021-06-30 21:30:00,0.0
2021-06-30 21:45:00,0.0
2021-06-30 22:00:00,0.0
2021-06-30 22:15:00,0.0
2021-06-30 22:30:00,0.0
2021-06-30 22:45:00,0.0
2021-06-30 23:00:00,0.0
2021-06-30 23:15:00,0.0
2021-06-30 23:30:00,0.0
2021-06-30 23:45:00,0.0
2021-07-01 00:00:00,0.0
