날짜,외기온도,외기습도
21. 6. 1 오전 12:15,19,53.60
21. 6. 1 오전 12:30,19.10,53.60
21. 6. 1 오전 12:45,19.20,51.30
21. 6. 1 오전 1:00,19.30,51.60
21. 6. 1 오전 1:15,19.40,52.80
21. 6. 1 오전 1:30,19.40,52.20
21. 6. 1 오전 1:45,19.10,54.50
21. 6. 1 오전 2:00,19.30,53.00
21. 6. 1 오전 2:15,19.20,54.70
21. 6. 1 오전 2:30,19.20,54.80
21. 6. 1 오전 2:45,18.60,75.20
21. 6. 1 오전 3:00,18.00,100.00
21. 6. 1 오전 3:15,18.20,96.40
21. 6. 1 오전 3:30,18.50,84.20
21. 6. 1 오전 3:45,18.40,84.10
21. 6. 1 오전 4:00,18.20,84.50
21. 6. 1 오전 4:15,18.00,83.60
21. 6. 1 오전 4:30,17.80,75.80
21. 6. 1 오전 4:45,17.50,80.00
21. 6. 1 오전 5:00,17.30,78.60
21. 6. 1 오전 5:15,17.20,93.70
21. 6. 1 오전 5:30,17.70,78.70
21. 6. 1 오전 5:45,18.00,67.80
21. 6. 1 오전 6:00,17.30,82.30
21. 6. 1 오전 6:15,16.80,81.10
21. 6. 1 오전 6:30,16.60,81.40
21. 6. 1 오전 6:45,16.70,83.20
21. 6. 1 오전 7:00,16.80,81.20
21. 6. 1 오전 7:15,16.70,72.40
21. 6. 1 오전 7:30,16.70,72.80
21. 6. 1 오전 7:45,16.40,71.40
21. 6. 1 오전 8:00,16.50,72.30
21. 6. 1 오전 8:15,16.50,70.50
21. 6. 1 오전 8:30,16.50,69.40
21. 6. 1 오전 8:45,17.20,67.80
21. 6. 1 오전 9:00,18.10,64.80
21. 6. 1 오전 9:15,18.80,61.90
21. 6. 1 오전 9:30,18.60,65.20
21. 6. 1 오전 9:45,18.80,62.80
21. 6. 1 오전 10:00,19.10,64.90
21. 6. 1 오전 10:15,20.30,61.70
21. 6. 1 오전 10:30,,61.20
21. 6. 1 오전 10:45,20.80,61.20
21. 6. 1 오전 11:00,21.00,61.70
21. 6. 1 오전 11:15,21.30,64.40
21. 6. 1 오전 11:30,21.20,64.70
21. 6. 1 오전 11:45,20.70,68.50
21. 6. 1 오후 12:00,20.80,71.40
21. 6. 1 오후 12:15,20.50,73.00
21. 6. 1 오후 12:30,21.00,72.50
21. 6. 1 오후 12:45,21.20,70.10
21. 6. 1 오후 1:00,21.80,66.90
21. 6. 1 오후 1:15,21.70,66.60
21. 6. 1 오후 1:30,21.50,66.60
21. 6. 1 오후 1:45,21.40,65.90
21. 6. 1 오후 2:00,21.60,63.70
21. 6. 1 오후 2:15,21.50,61.30
21. 6. 1 오후 2:30,,57.70
21. 6. 1 오후 2:45,21.50,57.70
21. 6. 1 오후 3:00,21.60,55.80
21. 6. 1 오후 3:15,,53.80
21. 6. 1 오후 3:30,21.90,53.80
21. 6. 1 오후 3:45,21.20,54.30
21. 6. 1 오후 4:00,20.80,57.70
21. 6. 1 오후 4:15,20.50,61.00
21. 6. 1 오후 4:30,20.70,59.50
21. 6. 1 오후 4:45,20.50,58.70
21. 6. 1 오후 5:00,20.60,59.20
21. 6. 1 오후 5:15,20.60,59.50
21. 6. 1 오후 5:30,20.60,60.10
21. 6. 1 오후 5:45,20.80,60.00
21. 6. 1 오후 6:00,21.20,62.20
21. 6. 1 오후 6:15,21.10,58.80
21. 6. 1 오후 6:30,21.00,58.50
21. 6. 1 오후 6:45,21.10,61.40
21. 6. 1 오후 7:00,21.10,63.60
21. 6. 1 오후 7:15,20.90,65.30
21. 6. 1 오후 7:30,20.20,64.40
21. 6. 1 오후 7:45,19.80,67.10
21. 6. 1 오후 8:00,19.90,68.10
21. 6. 1 오후 8:15,20.10,67.10
21. 6. 1 오후 8:30,20.10,66.40
21. 6. 1 오후 8:45,20.30,65.30
21. 6. 1 오후 9:00,20.40,65.60
21. 6. 1 오후 9:15,20.30,66.50
21. 6. 1 오후 9:30,20.30,67.60
21. 6. 1 오후 9:45,20.30,67.80
21. 6. 1 오후 10:00,20.30,67.90
21. 6. 1 오후 10:15,20.20,68.70
21. 6. 1 오후 10:30,20.10,70.30
21. 6. 1 오후 10:45,20.10,71.10
21. 6. 1 오후 11:00,20.10,71.10
21. 6. 1 오후 11:15,20.00,73.60
21. 6. 1 오후 11:30,20.00,74.60
21. 6. 1 오후 11:45,19.80,77.70
21. 6. 2 오전 12:00,19.80,77.70
21. 6. 2 오전 12:15,18.60,100.00
21. 6. 2 오전 12:30,18.40,99.90
21. 6. 2 오전 12:45,18.50,99.90
21. 6. 2 오전 1:00,18.40,99.90
21. 6. 2 오전 1:15,18.40,100.00
21. 6. 2 오전 1:30,18.50,99.90
21. 6. 2 오전 1:45,18.60,99.90
21. 6. 2 오전 2:00,18.60,99.90
21. 6. 2 오전 2:15,18.60,100.00
21. 6. 2 오전 2:30,18.60,100.00
21. 6. 2 오전 2:45,18.60,100.00
21. 6. 2 오전 3:00,18.60,100.00
21. 6. 2 오전 3:15,18.40,100.00
21. 6. 2 오전 3:30,18.30,99.90
21. 6. 2 오전 3:45,18.30,100.00
21. 6. 2 오전 4:00,18.30,99.90
21. 6. 2 오전 4:15,18.30,100.00
21. 6. 2 오전 4:30,18.10,100.00
21. 6. 2 오전 4:45,18.00,100.00
21. 6. 2 오전 5:00,17.90,99.90
21. 6. 2 오전 5:15,17.80,100.00
21. 6. 2 오전 5:30,17.80,100.00
21. 6. 2 오전 5:45,,99.90
21. 6. 2 오전 6:00,17.90,99.90
21. 6. 2 오전 6:15,18.20,99.90
21. 6. 2 오전 6:30,,99.90
21. 6. 2 오전 6:45,18.90,99.90
21. 6. 2 오전 7:00,19.50,100.00
21. 6. 2 오전 7:15,20.20,100.00
21. 6. 2 오전 7:30,20.70,99.90
21. 6. 2 오전 7:45,21.00,99.90
21. 6. 2 오전 8:00,20.30,99.90
21. 6. 2 오전 8:15,20.40,99.90
21. 6. 2 오전 8:30,20.90,99.90
21. 6. 2 오전 8:45,22.10,99.90
21. 6. 2 오전 9:00,22.20,80.80
21. 6. 2 오전 9:15,22.40,85.90
21. 6. 2 오전 9:30,23.10,73.10
21. 6. 2 오전 9:45,23.40,69.10
21. 6. 2 오전 10:00,23.60,69.80
21. 6. 2 오전 10:15,24.10,65.00
21. 6. 2 오전 10:30,24.60,58.40
21. 6. 2 오전 10:45,24.70,53.30
21. 6. 2 오전 11:00,25.10,51.60
21. 6. 2 오전 11:15,25.70,48.80
21. 6. 2 오전 11:30,25.90,46.30
21. 6. 2 오전 11:45,26.20,52.30
21. 6. 2 오후 12:00,26.00,58.80
21. 6. 2 오후 12:15,26.30,52.20
21. 6. 2 오후 12:30,27.40,45.10
21. 6. 2 오후 12:45,27.40,43.60
21. 6. 2 오후 1:00,27.70,43.80
21. 6. 2 오후 1:15,27.30,41.90
21. 6. 2 오후 1:30,27.30,41.90
21. 6. 2 오후 1:45,27.70,36.40
21. 6. 2 오후 2:00,27.40,37.50
21. 6. 2 오후 2:15,27.00,38.30
21. 6. 2 오후 2:30,26.80,38.80
21. 6. 2 오후 2:45,26.50,40.00
21. 6. 2 오후 3:00,26.20,40.10
21. 6. 2 오후 3:15,26.00,41.00
21. 6. 2 오후 3:30,25.80,41.60
21. 6. 2 오후 3:45,25.70,45.50
21. 6. 2 오후 4:00,,41.80
21. 6. 2 오후 4:15,25.50,41.80
21. 6. 2 오후 4:30,25.30,43.90
21. 6. 2 오후 4:45,25.30,44.20
21. 6. 2 오후 5:00,25.30,45.30
21. 6. 2 오후 5:15,25.00,46.40
21. 6. 2 오후 5:30,24.50,48.00
21. 6. 2 오후 5:45,,52.90
21. 6. 2 오후 6:00,23.50,52.90
21. 6. 2 오후 6:15,22.90,54.20
21. 6. 2 오후 6:30,22.30,55.90
21. 6. 2 오후 6:45,21.70,56.20
21. 6. 2 오후 7:00,21.50,56.70
21. 6. 2 오후 7:15,21.00,55.30
21. 6. 2 오후 7:30,20.70,54.70
21. 6. 2 오후 7:45,20.40,61.70
21. 6. 2 오후 8:00,20.50,62.30
21. 6. 2 오후 8:15,20.60,62.80
21. 6. 2 오후 8:30,20.60,60.80
21. 6. 2 오후 8:45,20.70,59.30
21. 6. 2 오후 9:00,,60.00
21. 6. 2 오후 9:15,20.60,60.00
21. 6. 2 오후 9:30,20.60,60.80
21. 6. 2 오후 9:45,,61.00
21. 6. 2 오후 10:00,20.40,61.00
21. 6. 2 오후 10:15,20.40,62.60
21. 6. 2 오후 10:30,20.50,63.30
21. 6. 2 오후 10:45,20.60,63.50
21. 6. 2 오후 11:00,20.60,64.50
21. 6. 2 오후 11:15,20.60,64.50
21. 6. 2 오후 11:30,20.70,67.90
21. 6. 2 오후 11:45,20.50,69.90
21. 6. 3 오전 12:00,20.20,70.00
21. 6. 3 오전 12:15,19.60,72.60
21. 6. 3 오전 12:30,19.40,76.30
21. 6. 3 오전 12:45,19.40,76.30
21. 6. 3 오전 1:00,19.30,91.10
21. 6. 3 오전 1:15,19.40,84.80
21. 6. 3 오전 1:30,19.50,82.40
21. 6. 3 오전 1:45,19.70,88.00
21. 6. 3 오전 2:00,19.80,96.50
21. 6. 3 오전 2:15,19.80,93.70
21. 6. 3 오전 2:30,19.80,99.90
21. 6. 3 오전 2:45,19.80,99.90
21. 6. 3 오전 3:00,19.90,99.90
21. 6. 3 오전 3:15,19.70,99.90
21. 6. 3 오전 3:30,19.80,99.90
21. 6. 3 오전 3:45,19.90,99.90
21. 6. 3 오전 4:00,19.80,99.90
21. 6. 3 오전 4:15,19.70,98.40
21. 6. 3 오전 4:30,19.70,100.00
21. 6. 3 오전 4:45,19.50,100.00
21. 6. 3 오전 5:00,18.90,100.00
21. 6. 3 오전 5:15,19.00,100.00
21. 6. 3 오전 5:30,19.20,100.00
21. 6. 3 오전 5:45,19.20,100.00
21. 6. 3 오전 6:00,19.30,100.00
21. 6. 3 오전 6:15,19.30,100.00
21. 6. 3 오전 6:30,19.50,100.00
21. 6. 3 오전 6:45,19.80,99.90
21. 6. 3 오전 7:00,20.10,100.00
21. 6. 3 오전 7:15,20.40,99.90
21. 6. 3 오전 7:30,20.50,100.00
21. 6. 3 오전 7:45,20.70,100.00
21. 6. 3 오전 8:00,20.80,100.00
21. 6. 3 오전 8:15,20.80,100.00
21. 6. 3 오전 8:30,21.00,83.80
21. 6. 3 오전 8:45,21.10,68.70
21. 6. 3 오전 9:00,20.80,71.80
21. 6. 3 오전 9:15,20.70,72.30
21. 6. 3 오전 9:30,20.60,83.00
21. 6. 3 오전 9:45,20.60,80.60
21. 6. 3 오전 10:00,20.50,77.30
21. 6. 3 오전 10:15,20.50,78.70
21. 6. 3 오전 10:30,20.30,79.60
21. 6. 3 오전 10:45,20.40,76.90
21. 6. 3 오전 11:00,20.50,68.50
21. 6. 3 오전 11:15,20.60,68.30
21. 6. 3 오전 11:30,20.50,67.20
21. 6. 3 오전 11:45,20.40,67.70
21. 6. 3 오후 12:00,20.10,72.30
21. 6. 3 오후 12:15,,100.00
21. 6. 3 오후 12:30,19.00,100.00
21. 6. 3 오후 12:45,18.20,100.00
21. 6. 3 오후 1:00,,100.00
21. 6. 3 오후 1:15,17.70,100.00
21. 6. 3 오후 1:30,17.80,100.00
21. 6. 3 오후 1:45,18.00,99.90
21. 6. 3 오후 2:00,17.90,100.00
21. 6. 3 오후 2:15,17.80,99.90
21. 6. 3 오후 2:30,17.40,99.90
21. 6. 3 오후 2:45,17.60,99.90
21. 6. 3 오후 3:00,18.00,100.00
21. 6. 3 오후 3:15,17.90,99.90
21. 6. 3 오후 3:30,17.90,99.90
21. 6. 3 오후 3:45,17.80,100.00
21. 6. 3 오후 4:00,17.60,100.00
21. 6. 3 오후 4:15,17.10,100.00
21. 6. 3 오후 4:30,17.00,100.00
21. 6. 3 오후 4:45,17.20,100.00
21. 6. 3 오후 5:00,17.20,100.00
21. 6. 3 오후 5:15,17.20,100.00
21. 6. 3 오후 5:30,17.30,100.00
21. 6. 3 오후 5:45,17.40,100.00
21. 6. 3 오후 6:00,17.50,99.90
21. 6. 3 오후 6:15,17.60,99.90
21. 6. 3 오후 6:30,17.60,99.90
21. 6. 3 오후 6:45,17.60,99.90
21. 6. 3 오후 7:00,17.60,99.90
21. 6. 3 오후 7:15,17.40,99.90
21. 6. 3 오후 7:30,17.40,99.90
21. 6. 3 오후 7:45,17.30,100.00
21. 6. 3 오후 8:00,17.30,100.00
21. 6. 3 오후 8:15,17.30,100.00
21. 6. 3 오후 8:30,,100.00
21. 6. 3 오후 8:45,15.40,100.00
21. 6. 3 오후 9:00,15.40,100.00
21. 6. 3 오후 9:15,14.10,100.00
21. 6. 3 오후 9:30,14.20,100.00
21. 6. 3 오후 9:45,14.40,100.00
21. 6. 3 오후 10:00,14.50,100.00
21. 6. 3 오후 10:15,14.50,100.00
21. 6. 3 오후 10:30,14.50,100.00
21. 6. 3 오후 10:45,14.30,100.00
21. 6. 3 오후 11:00,14.00,100.00
21. 6. 3 오후 11:15,14.10,100.00
21. 6. 3 오후 11:30,14.20,100.00
21. 6. 3 오후 11:45,14.30,100.00
21. 6. 4 오전 12:00,14.30,100.00
21. 6. 4 오전 12:15,14.50,100.00
21. 6. 4 오전 12:30,14.50,100.00
21. 6. 4 오전 12:45,14.70,100.00
21. 6. 4 오전 1:00,14.50,100.00
21. 6. 4 오전 1:15,14.40,100.00
21. 6. 4 오전 1:30,14.40,100.00
21. 6. 4 오전 1:45,14.30,100.00
21. 6. 4 오전 2:00,14.30,100.00
21. 6. 4 오전 2:15,14.30,100.00
21. 6. 4 오전 2:30,14.40,100.00
21. 6. 4 오전 2:45,14.30,100.00
21. 6. 4 오전 3:00,14.30,100.00
21. 6. 4 오전 3:15,14.30,100.00
21. 6. 4 오전 3:30,,100.00
21. 6. 4 오전 3:45,14.40,100.00
21. 6. 4 오전 4:00,14.30,100.00
21. 6. 4 오전 4:15,14.30,100.00
21. 6. 4 오전 4:30,14.20,100.00
21. 6. 4 오전 4:45,14.10,100.00
21. 6. 4 오전 5:00,14.00,100.00
21. 6. 4 오전 5:15,13.90,100.00
21. 6. 4 오전 5:30,13.80,100.00
21. 6. 4 오전 5:45,13.70,100.00
21. 6. 4 오전 6:00,13.80,100.00
21. 6. 4 오전 6:15,13.90,100.00
21. 6. 4 오전 6:30,14.10,100.00
21. 6. 4 오전 6:45,14.10,100.00
21. 6. 4 오전 7:00,14.20,100.00
21. 6. 4 오전 7:15,14.10,100.00
21. 6. 4 오전 7:30,14.20,100.00
21. 6. 4 오전 7:45,13.90,100.00
21. 6. 4 오전 8:00,13.70,100.00
21. 6. 4 오전 8:15,13.60,100.00
21. 6. 4 오전 8:30,13.80,100.00
21. 6. 4 오전 8:45,14.10,100.00
21. 6. 4 오전 9:00,14.40,100.00
21. 6. 4 오전 9:15,14.50,100.00
21. 6. 4 오전 9:30,15.20,100.00
21. 6. 4 오전 9:45,15.90,100.00
21. 6. 4 오전 10:00,16.10,100.00
21. 6. 4 오전 10:15,16.60,100.00
21. 6. 4 오전 10:30,16.40,99.90
21. 6. 4 오전 10:45,16.40,99.90
21. 6. 4 오전 11:00,16.70,100.00
21. 6. 4 오전 11:15,17.00,100.00
21. 6. 4 오전 11:30,17.60,100.00
21. 6. 4 오전 11:45,18.20,99.90
21. 6. 4 오후 12:00,18.10,87.10
21. 6. 4 오후 12:15,18.70,70.50
21. 6. 4 오후 12:30,19.00,64.90
21. 6. 4 오후 12:45,19.20,64.70
21. 6. 4 오후 1:00,19.30,64.60
21. 6. 4 오후 1:15,19.90,61.50
21. 6. 4 오후 1:30,19.40,69.50
21. 6. 4 오후 1:45,19.10,72.70
21. 6. 4 오후 2:00,18.80,72.10
21. 6. 4 오후 2:15,19.30,66.40
21. 6. 4 오후 2:30,19.30,66.40
21. 6. 4 오후 2:45,19.30,65.50
21. 6. 4 오후 3:00,19.40,66.00
21. 6. 4 오후 3:15,19.50,59.10
21. 6. 4 오후 3:30,19.60,55.60
21. 6. 4 오후 3:45,19.00,64.20
21. 6. 4 오후 4:00,19.10,59.40
21. 6. 4 오후 4:15,19.00,62.60
21. 6. 4 오후 4:30,18.50,66.10
21. 6. 4 오후 4:45,18.30,68.00
21. 6. 4 오후 5:00,18.40,67.80
21. 6. 4 오후 5:15,18.60,65.60
21. 6. 4 오후 5:30,18.50,64.10
21. 6. 4 오후 5:45,18.50,63.30
21. 6. 4 오후 6:00,18.30,65.40
21. 6. 4 오후 6:15,18.40,64.60
21. 6. 4 오후 6:30,18.50,62.50
21. 6. 4 오후 6:45,,58.40
21. 6. 4 오후 7:00,18.70,58.40
21. 6. 4 오후 7:15,18.60,62.50
21. 6. 4 오후 7:30,,65.90
21. 6. 4 오후 7:45,18.50,65.90
21. 6. 4 오후 8:00,18.50,73.90
21. 6. 4 오후 8:15,18.50,73.90
21. 6. 4 오후 8:30,18.20,81.80
21. 6. 4 오후 8:45,18.00,86.60
21. 6. 4 오후 9:00,17.90,85.50
21. 6. 4 오후 9:15,17.70,88.20
21. 6. 4 오후 9:30,17.40,90.20
21. 6. 4 오후 9:45,17.30,99.90
21. 6. 4 오후 10:00,17.10,100.00
21. 6. 4 오후 10:15,17.10,99.90
21. 6. 4 오후 10:30,17.00,99.90
21. 6. 4 오후 10:45,17.00,100.00
21. 6. 4 오후 11:00,17.00,99.90
21. 6. 4 오후 11:15,16.70,99.90
21. 6. 4 오후 11:30,16.60,99.90
21. 6. 4 오후 11:45,16.60,99.90
21. 6. 5 오전 12:00,16.60,99.90
21. 6. 5 오전 12:15,16.50,99.90
21. 6. 5 오전 12:30,16.50,99.90
21. 6. 5 오전 12:45,16.50,99.90
21. 6. 5 오전 1:00,16.50,100.00
21. 6. 5 오전 1:15,16.50,99.90
21. 6. 5 오전 1:30,16.50,100.00
21. 6. 5 오전 1:45,16.50,99.90
21. 6. 5 오전 2:00,16.40,100.00
21. 6. 5 오전 2:15,16.50,99.90
21. 6. 5 오전 2:30,16.40,100.00
21. 6. 5 오전 2:45,16.30,100.00
21. 6. 5 오전 3:00,16.20,100.00
21. 6. 5 오전 3:15,16.40,100.00
21. 6. 5 오전 3:30,16.50,86.20
21. 6. 5 오전 3:45,16.60,89.20
21. 6. 5 오전 4:00,16.60,91.70
21. 6. 5 오전 4:15,16.80,98.40
21. 6. 5 오전 4:30,16.90,99.90
21. 6. 5 오전 4:45,17.00,99.90
21. 6. 5 오전 5:00,,99.90
21. 6. 5 오전 5:15,17.10,99.90
21. 6. 5 오전 5:30,17.00,99.90
21. 6. 5 오전 5:45,17.00,99.90
21. 6. 5 오전 6:00,16.90,99.90
21. 6. 5 오전 6:15,16.90,99.90
21. 6. 5 오전 6:30,17.00,99.90
21. 6. 5 오전 6:45,17.10,100.00
21. 6. 5 오전 7:00,17.10,100.00
21. 6. 5 오전 7:15,17.20,99.90
21. 6. 5 오전 7:30,17.20,99.90
21. 6. 5 오전 7:45,17.20,99.90
21. 6. 5 오전 8:00,17.20,100.00
21. 6. 5 오전 8:15,17.30,100.00
21. 6. 5 오전 8:30,17.40,100.00
21. 6. 5 오전 8:45,17.70,100.00
21. 6. 5 오전 9:00,17.80,100.00
21. 6. 5 오전 9:15,18.30,99.90
21. 6. 5 오전 9:30,18.30,100.00
21. 6. 5 오전 9:45,18.60,100.00
21. 6. 5 오전 10:00,,99.90
21. 6. 5 오전 10:15,19.30,99.90
21. 6. 5 오전 10:30,19.50,99.90
21. 6. 5 오전 10:45,,99.90
21. 6. 5 오전 11:00,20.50,99.90
21. 6. 5 오전 11:15,20.00,99.90
21. 6. 5 오전 11:30,19.80,99.90
21. 6. 5 오전 11:45,20.10,99.90
21. 6. 5 오후 12:00,20.40,99.90
21. 6. 5 오후 12:15,20.40,99.90
21. 6. 5 오후 12:30,20.70,99.90
21. 6. 5 오후 12:45,21.30,99.90
21. 6. 5 오후 1:00,21.60,99.90
21. 6. 5 오후 1:15,21.70,99.90
21. 6. 5 오후 1:30,21.90,99.90
21. 6. 5 오후 1:45,22.10,99.90
21. 6. 5 오후 2:00,21.50,99.80
21. 6. 5 오후 2:15,21.50,97.10
21. 6. 5 오후 2:30,21.70,97.50
21. 6. 5 오후 2:45,21.20,99.90
21. 6. 5 오후 3:00,21.00,99.90
21. 6. 5 오후 3:15,20.50,99.90
21. 6. 5 오후 3:30,19.90,99.90
21. 6. 5 오후 3:45,19.90,99.90
21. 6. 5 오후 4:00,19.80,99.90
21. 6. 5 오후 4:15,19.90,99.90
21. 6. 5 오후 4:30,20.20,99.90
21. 6. 5 오후 4:45,20.10,99.90
21. 6. 5 오후 5:00,19.90,100.00
21. 6. 5 오후 5:15,19.90,99.90
21. 6. 5 오후 5:30,20.30,99.90
21. 6. 5 오후 5:45,19.90,99.90
21. 6. 5 오후 6:00,19.80,99.90
21. 6. 5 오후 6:15,19.80,99.90
21. 6. 5 오후 6:30,19.80,99.90
21. 6. 5 오후 6:45,19.60,99.90
21. 6. 5 오후 7:00,20.20,99.90
21. 6. 5 오후 7:15,20.10,99.90
21. 6. 5 오후 7:30,19.80,99.90
21. 6. 5 오후 7:45,19.60,99.90
21. 6. 5 오후 8:00,18.80,99.90
21. 6. 5 오후 8:15,18.80,99.90
21. 6. 5 오후 8:30,18.70,99.90
21. 6. 5 오후 8:45,18.40,99.90
21. 6. 5 오후 9:00,18.20,99.90
21. 6. 5 오후 9:15,18.20,100.00
21. 6. 5 오후 9:30,18.20,99.90
21. 6. 5 오후 9:45,18.00,99.90
21. 6. 5 오후 10:00,18.00,99.90
21. 6. 5 오후 10:15,18.10,99.90
21. 6. 5 오후 10:30,18.10,99.90
21. 6. 5 오후 10:45,18.20,99.90
21. 6. 5 오후 11:00,18.20,99.90
21. 6. 5 오후 11:15,18.00,99.90
21. 6. 5 오후 11:30,18.00,99.90
21. 6. 5 오후 11:45,18.10,100.00
21. 6. 6 오전 12:00,,99.90
21. 6. 6 오전 12:15,17.70,99.90
21. 6. 6 오전 12:30,17.90,100.00
21. 6. 6 오전 12:45,18.00,99.90
21. 6. 6 오전 1:00,17.90,100.00
21. 6. 6 오전 1:15,,99.90
21. 6. 6 오전 1:30,17.90,99.90
21. 6. 6 오전 1:45,17.80,99.90
21. 6. 6 오전 2:00,,99.90
21. 6. 6 오전 2:15,17.80,99.90
21. 6. 6 오전 2:30,17.90,99.90
21. 6. 6 오전 2:45,17.70,99.90
21. 6. 6 오전 3:00,17.80,99.90
21. 6. 6 오전 3:15,17.90,99.90
21. 6. 6 오전 3:30,17.90,99.90
21. 6. 6 오전 3:45,18.00,100.00
21. 6. 6 오전 4:00,18.00,100.00
21. 6. 6 오전 4:15,18.10,100.00
21. 6. 6 오전 4:30,18.10,100.00
21. 6. 6 오전 4:45,18.10,100.00
21. 6. 6 오전 5:00,18.20,100.00
21. 6. 6 오전 5:15,18.30,100.00
21. 6. 6 오전 5:30,18.20,100.00
21. 6. 6 오전 5:45,18.20,100.00
21. 6. 6 오전 6:00,18.20,99.90
21. 6. 6 오전 6:15,18.20,100.00
21. 6. 6 오전 6:30,18.30,100.00
21. 6. 6 오전 6:45,18.40,100.00
21. 6. 6 오전 7:00,18.40,100.00
21. 6. 6 오전 7:15,18.60,100.00
21. 6. 6 오전 7:30,18.80,100.00
21. 6. 6 오전 7:45,18.90,100.00
21. 6. 6 오전 8:00,19.00,100.00
21. 6. 6 오전 8:15,19.60,100.00
21. 6. 6 오전 8:30,19.70,100.00
21. 6. 6 오전 8:45,20.10,99.90
21. 6. 6 오전 9:00,20.10,99.90
21. 6. 6 오전 9:15,20.00,99.90
21. 6. 6 오전 9:30,20.10,100.00
21. 6. 6 오전 9:45,20.40,99.90
21. 6. 6 오전 10:00,20.60,99.90
21. 6. 6 오전 10:15,21.30,99.90
21. 6. 6 오전 10:30,,87.10
21. 6. 6 오전 10:45,22.00,87.10
21. 6. 6 오전 11:00,22.70,75.70
21. 6. 6 오전 11:15,22.90,72.60
21. 6. 6 오전 11:30,23.00,73.60
21. 6. 6 오전 11:45,23.00,69.30
21. 6. 6 오후 12:00,23.50,68.50
21. 6. 6 오후 12:15,23.40,66.90
21. 6. 6 오후 12:30,23.50,65.70
21. 6. 6 오후 12:45,23.30,69.70
21. 6. 6 오후 1:00,23.70,67.10
21. 6. 6 오후 1:15,24.00,64.70
21. 6. 6 오후 1:30,23.90,64.00
21. 6. 6 오후 1:45,24.70,64.50
21. 6. 6 오후 2:00,25.20,61.10
21. 6. 6 오후 2:15,23.60,70.30
21. 6. 6 오후 2:30,23.20,70.10
21. 6. 6 오후 2:45,22.80,72.50
21. 6. 6 오후 3:00,22.80,72.50
21. 6. 6 오후 3:15,22.70,74.40
21. 6. 6 오후 3:30,22.20,76.90
21. 6. 6 오후 3:45,21.60,83.60
21. 6. 6 오후 4:00,21.90,84.30
21. 6. 6 오후 4:15,21.50,88.50
21. 6. 6 오후 4:30,,100.00
21. 6. 6 오후 4:45,21.40,100.00
21. 6. 6 오후 5:00,21.40,99.90
21. 6. 6 오후 5:15,,99.90
21. 6. 6 오후 5:30,21.10,99.90
21. 6. 6 오후 5:45,21.10,99.90
21. 6. 6 오후 6:00,20.70,99.90
21. 6. 6 오후 6:15,20.50,100.00
21. 6. 6 오후 6:30,20.70,100.00
21. 6. 6 오후 6:45,20.80,99.90
21. 6. 6 오후 7:00,21.20,100.00
21. 6. 6 오후 7:15,20.80,99.90
21. 6. 6 오후 7:30,20.60,99.90
21. 6. 6 오후 7:45,20.50,99.90
21. 6. 6 오후 8:00,20.40,99.90
21. 6. 6 오후 8:15,19.80,100.00
21. 6. 6 오후 8:30,19.50,100.00
21. 6. 6 오후 8:45,19.10,100.00
21. 6. 6 오후 9:00,19.00,100.00
21. 6. 6 오후 9:15,18.90,99.90
21. 6. 6 오후 9:30,18.80,100.00
21. 6. 6 오후 9:45,18.80,99.90
21. 6. 6 오후 10:00,18.80,100.00
21. 6. 6 오후 10:15,18.40,99.90
21. 6. 6 오후 10:30,18.50,99.90
21. 6. 6 오후 10:45,18.40,99.90
21. 6. 6 오후 11:00,18.40,99.90
21. 6. 6 오후 11:15,18.50,99.90
21. 6. 6 오후 11:30,18.50,99.90
21. 6. 6 오후 11:45,18.50,100.00
21. 6. 7 오전 12:00,18.50,100.00
21. 6. 7 오전 12:15,18.60,99.90
21. 6. 7 오전 12:30,18.80,99.90
21. 6. 7 오전 12:45,18.80,99.90
21. 6. 7 오전 1:00,18.70,99.90
21. 6. 7 오전 1:15,18.60,99.90
21. 6. 7 오전 1:30,18.60,100.00
21. 6. 7 오전 1:45,18.50,100.00
21. 6. 7 오전 2:00,18.40,100.00
21. 6. 7 오전 2:15,18.50,99.90
21. 6. 7 오전 2:30,18.40,100.00
21. 6. 7 오전 2:45,18.40,100.00
21. 6. 7 오전 3:00,18.40,100.00
21. 6. 7 오전 3:15,18.40,100.00
21. 6. 7 오전 3:30,,100.00
21. 6. 7 오전 3:45,18.20,100.00
21. 6. 7 오전 4:00,18.30,99.90
21. 6. 7 오전 4:15,18.40,100.00
21. 6. 7 오전 4:30,,100.00
21. 6. 7 오전 4:45,18.50,100.00
21. 6. 7 오전 5:00,18.60,100.00
21. 6. 7 오전 5:15,18.60,100.00
21. 6. 7 오전 5:30,,100.00
21. 6. 7 오전 5:45,18.80,100.00
21. 6. 7 오전 6:00,18.80,100.00
21. 6. 7 오전 6:15,18.90,100.00
21. 6. 7 오전 6:30,,100.00
21. 6. 7 오전 6:45,18.90,100.00
21. 6. 7 오전 7:00,19.00,100.00
21. 6. 7 오전 7:15,19.00,100.00
21. 6. 7 오전 7:30,19.20,100.00
21. 6. 7 오전 7:45,,100.00
21. 6. 7 오전 8:00,19.30,100.00
21. 6. 7 오전 8:15,19.30,99.90
21. 6. 7 오전 8:30,,83.30
21. 6. 7 오전 8:45,19.40,83.30
21. 6. 7 오전 9:00,19.50,83.30
21. 6. 7 오전 9:15,19.60,73.50
21. 6. 7 오전 9:30,19.60,73.50
21. 6. 7 오전 9:45,19.70,70.50
21. 6. 7 오전 10:00,19.80,70.70
21. 6. 7 오전 10:15,19.80,69.00
21. 6. 7 오전 10:30,19.80,71.70
21. 6. 7 오전 10:45,19.90,73.80
21. 6. 7 오전 11:00,19.90,75.00
21. 6. 7 오전 11:15,20.00,71.30
21. 6. 7 오전 11:30,20.00,74.90
21. 6. 7 오전 11:45,19.90,73.00
21. 6. 7 오후 12:00,20.00,67.30
21. 6. 7 오후 12:15,20.10,69.50
21. 6. 7 오후 12:30,20.20,67.90
21. 6. 7 오후 12:45,20.20,64.70
21. 6. 7 오후 1:00,20.30,62.90
21. 6. 7 오후 1:15,21.30,58.40
21. 6. 7 오후 1:30,21.30,58.40
21. 6. 7 오후 1:45,22.00,55.20
21. 6. 7 오후 2:00,22.50,56.80
21. 6. 7 오후 2:15,22.10,56.00
21. 6. 7 오후 2:30,22.40,56.60
21. 6. 7 오후 2:45,22.80,53.10
21. 6. 7 오후 3:00,22.60,52.50
21. 6. 7 오후 3:15,22.40,54.60
21. 6. 7 오후 3:30,22.20,55.20
21. 6. 7 오후 3:45,22.60,54.40
21. 6. 7 오후 4:00,22.40,53.40
21. 6. 7 오후 4:15,22.00,55.70
21. 6. 7 오후 4:30,22.10,55.60
21. 6. 7 오후 4:45,22.30,55.70
21. 6. 7 오후 5:00,22.10,55.50
21. 6. 7 오후 5:15,22.00,56.00
21. 6. 7 오후 5:30,21.90,56.60
21. 6. 7 오후 5:45,21.80,55.60
21. 6. 7 오후 6:00,21.90,54.40
21. 6. 7 오후 6:15,21.90,53.70
21. 6. 7 오후 6:30,21.90,54.60
21. 6. 7 오후 6:45,21.90,58.30
21. 6. 7 오후 7:00,21.70,57.70
21. 6. 7 오후 7:15,21.60,56.50
21. 6. 7 오후 7:30,21.60,57.80
21. 6. 7 오후 7:45,21.60,61.00
21. 6. 7 오후 8:00,21.60,61.50
21. 6. 7 오후 8:15,21.50,63.30
21. 6. 7 오후 8:30,21.50,64.90
21. 6. 7 오후 8:45,20.90,71.50
21. 6. 7 오후 9:00,20.80,71.60
21. 6. 7 오후 9:15,20.70,71.20
21. 6. 7 오후 9:30,20.20,83.80
21. 6. 7 오후 9:45,19.00,99.90
21. 6. 7 오후 10:00,19.00,99.90
21. 6. 7 오후 10:15,18.90,99.90
21. 6. 7 오후 10:30,18.80,99.90
21. 6. 7 오후 10:45,19.10,99.90
21. 6. 7 오후 11:00,,100.00
21. 6. 7 오후 11:15,19.40,100.00
21. 6. 7 오후 11:30,19.80,100.00
21. 6. 7 오후 11:45,20.00,99.90
21. 6. 8 오전 12:00,20.20,99.90
21. 6. 8 오전 12:15,19.70,100.00
21. 6. 8 오전 12:30,19.80,100.00
21. 6. 8 오전 12:45,19.80,100.00
21. 6. 8 오전 1:00,19.70,99.90
21. 6. 8 오전 1:15,19.70,99.90
21. 6. 8 오전 1:30,19.50,99.90
21. 6. 8 오전 1:45,19.20,100.00
21. 6. 8 오전 2:00,19.40,100.00
21. 6. 8 오전 2:15,19.50,99.90
21. 6. 8 오전 2:30,19.70,99.90
21. 6. 8 오전 2:45,19.80,99.90
21. 6. 8 오전 3:00,19.80,99.90
21. 6. 8 오전 3:15,20.00,99.90
21. 6. 8 오전 3:30,20.00,99.90
21. 6. 8 오전 3:45,19.80,99.90
21. 6. 8 오전 4:00,19.80,99.90
21. 6. 8 오전 4:15,19.60,100.00
21. 6. 8 오전 4:30,19.40,99.90
21. 6. 8 오전 4:45,19.40,100.00
21. 6. 8 오전 5:00,19.60,100.00
21. 6. 8 오전 5:15,19.60,99.90
21. 6. 8 오전 5:30,19.60,99.90
21. 6. 8 오전 5:45,19.50,100.00
21. 6. 8 오전 6:00,19.00,100.00
21. 6. 8 오전 6:15,18.70,99.90
21. 6. 8 오전 6:30,18.80,99.90
21. 6. 8 오전 6:45,19.00,99.90
21. 6. 8 오전 7:00,19.40,99.90
21. 6. 8 오전 7:15,,99.90
21. 6. 8 오전 7:30,19.90,99.90
21. 6. 8 오전 7:45,20.30,99.90
21. 6. 8 오전 8:00,20.70,99.90
21. 6. 8 오전 8:15,20.90,99.90
21. 6. 8 오전 8:30,21.30,99.90
21. 6. 8 오전 8:45,21.70,99.90
21. 6. 8 오전 9:00,22.80,99.90
21. 6. 8 오전 9:15,21.00,99.90
21. 6. 8 오전 9:30,20.40,99.90
21. 6. 8 오전 9:45,20.80,99.90
21. 6. 8 오전 10:00,21.20,99.90
21. 6. 8 오전 10:15,21.30,99.90
21. 6. 8 오전 10:30,21.30,99.90
21. 6. 8 오전 10:45,21.00,99.90
21. 6. 8 오전 11:00,21.30,99.90
21. 6. 8 오전 11:15,21.00,99.90
21. 6. 8 오전 11:30,21.00,99.90
21. 6. 8 오전 11:45,21.20,99.90
21. 6. 8 오후 12:00,21.80,99.90
21. 6. 8 오후 12:15,21.50,99.90
21. 6. 8 오후 12:30,21.50,99.90
21. 6. 8 오후 12:45,21.60,99.90
21. 6. 8 오후 1:00,21.90,99.90
21. 6. 8 오후 1:15,22.30,99.90
21. 6. 8 오후 1:30,22.30,99.90
21. 6. 8 오후 1:45,22.60,99.90
21. 6. 8 오후 2:00,22.10,99.90
21. 6. 8 오후 2:15,,99.90
21. 6. 8 오후 2:30,22.20,99.90
21. 6. 8 오후 2:45,21.80,99.90
21. 6. 8 오후 3:00,,99.90
21. 6. 8 오후 3:15,22.40,99.90
21. 6. 8 오후 3:30,22.70,99.90
21. 6. 8 오후 3:45,22.30,99.90
21. 6. 8 오후 4:00,21.70,99.90
21. 6. 8 오후 4:15,21.60,99.90
21. 6. 8 오후 4:30,21.70,99.90
21. 6. 8 오후 4:45,21.90,99.90
21. 6. 8 오후 5:00,21.80,99.90
21. 6. 8 오후 5:15,22.10,99.90
21. 6. 8 오후 5:30,22.10,99.90
21. 6. 8 오후 5:45,21.10,99.90
21. 6. 8 오후 6:00,21.10,99.90
21. 6. 8 오후 6:15,20.50,99.90
21. 6. 8 오후 6:30,20.20,99.90
21. 6. 8 오후 6:45,19.90,99.90
21. 6. 8 오후 7:00,20.00,99.90
21. 6. 8 오후 7:15,20.00,99.90
21. 6. 8 오후 7:30,20.00,99.90
21. 6. 8 오후 7:45,19.60,99.90
21. 6. 8 오후 8:00,19.60,99.90
21. 6. 8 오후 8:15,19.70,99.90
21. 6. 8 오후 8:30,19.80,100.00
21. 6. 8 오후 8:45,19.90,99.90
21. 6. 8 오후 9:00,19.90,99.90
21. 6. 8 오후 9:15,19.80,99.90
21. 6. 8 오후 9:30,19.40,100.00
21. 6. 8 오후 9:45,19.30,100.00
21. 6. 8 오후 10:00,19.30,100.00
21. 6. 8 오후 10:15,19.90,99.90
21. 6. 8 오후 10:30,20.10,99.90
21. 6. 8 오후 10:45,20.40,99.90
21. 6. 8 오후 11:00,20.60,99.90
21. 6. 8 오후 11:15,20.60,99.90
21. 6. 8 오후 11:30,20.70,99.90
21. 6. 8 오후 11:45,20.60,99.90
21. 6. 9 오전 12:00,20.60,99.90
21. 6. 9 오전 12:15,21.00,99.90
21. 6. 9 오전 12:30,20.90,99.90
21. 6. 9 오전 12:45,20.80,99.90
21. 6. 9 오전 1:00,20.80,99.90
21. 6. 9 오전 1:15,20.90,99.90
21. 6. 9 오전 1:30,20.90,99.90
21. 6. 9 오전 1:45,20.90,99.90
21. 6. 9 오전 2:00,21.00,99.90
21. 6. 9 오전 2:15,21.20,99.90
21. 6. 9 오전 2:30,20.80,99.90
21. 6. 9 오전 2:45,20.50,99.90
21. 6. 9 오전 3:00,20.40,99.90
21. 6. 9 오전 3:15,20.00,99.90
21. 6. 9 오전 3:30,19.90,99.90
21. 6. 9 오전 3:45,19.80,99.90
21. 6. 9 오전 4:00,19.50,99.90
21. 6. 9 오전 4:15,19.80,100.00
21. 6. 9 오전 4:30,19.80,99.90
21. 6. 9 오전 4:45,19.50,99.90
21. 6. 9 오전 5:00,19.30,99.90
21. 6. 9 오전 5:15,18.40,99.90
21. 6. 9 오전 5:30,,99.90
21. 6. 9 오전 5:45,18.10,99.90
21. 6. 9 오전 6:00,18.20,99.90
21. 6. 9 오전 6:15,,99.90
21. 6. 9 오전 6:30,18.70,99.90
21. 6. 9 오전 6:45,19.40,99.90
21. 6. 9 오전 7:00,20.10,99.90
21. 6. 9 오전 7:15,20.50,99.90
21. 6. 9 오전 7:30,20.70,99.90
21. 6. 9 오전 7:45,20.80,99.90
21. 6. 9 오전 8:00,21.40,99.90
21. 6. 9 오전 8:15,21.60,99.90
21. 6. 9 오전 8:30,22.40,99.90
21. 6. 9 오전 8:45,22.80,99.90
21. 6. 9 오전 9:00,23.30,99.90
21. 6. 9 오전 9:15,23.70,99.90
21. 6. 9 오전 9:30,24.30,91.30
21. 6. 9 오전 9:45,24.40,96.60
21. 6. 9 오전 10:00,24.60,85.60
21. 6. 9 오전 10:15,25.60,72.30
21. 6. 9 오전 10:30,25.70,67.90
21. 6. 9 오전 10:45,26.20,70.60
21. 6. 9 오전 11:00,26.30,68.40
21. 6. 9 오전 11:15,26.30,68.70
21. 6. 9 오전 11:30,26.90,72.40
21. 6. 9 오전 11:45,27.10,62.90
21. 6. 9 오후 12:00,27.60,61.60
21. 6. 9 오후 12:15,26.90,61.60
21. 6. 9 오후 12:30,26.10,65.00
21. 6. 9 오후 12:45,26.20,63.80
21. 6. 9 오후 1:00,26.20,64.40
21. 6. 9 오후 1:15,26.30,63.20
21. 6. 9 오후 1:30,26.60,62.40
21. 6. 9 오후 1:45,26.40,62.90
21. 6. 9 오후 2:00,26.10,61.50
21. 6. 9 오후 2:15,26.60,57.10
21. 6. 9 오후 2:30,25.80,66.10
21. 6. 9 오후 2:45,25.70,68.40
21. 6. 9 오후 3:00,26.00,64.90
21. 6. 9 오후 3:15,26.10,62.10
21. 6. 9 오후 3:30,26.70,56.80
21. 6. 9 오후 3:45,27.00,53.80
21. 6. 9 오후 4:00,26.10,52.10
21. 6. 9 오후 4:15,25.50,61.70
21. 6. 9 오후 4:30,25.50,62.40
21. 6. 9 오후 4:45,25.60,62.00
21. 6. 9 오후 5:00,25.70,61.30
21. 6. 9 오후 5:15,26.10,57.80
21. 6. 9 오후 5:30,26.70,52.10
21. 6. 9 오후 5:45,27.00,53.00
21. 6. 9 오후 6:00,25.20,63.10
21. 6. 9 오후 6:15,23.70,64.90
21. 6. 9 오후 6:30,23.30,68.10
21. 6. 9 오후 6:45,23.70,66.50
21. 6. 9 오후 7:00,24.40,63.40
21. 6. 9 오후 7:15,25.10,61.30
21. 6. 9 오후 7:30,23.60,72.60
21. 6. 9 오후 7:45,22.80,78.90
21. 6. 9 오후 8:00,22.60,84.30
21. 6. 9 오후 8:15,23.10,77.90
21. 6. 9 오후 8:30,,71.20
21. 6. 9 오후 8:45,,71.20
21. 6. 9 오후 9:00,22.80,71.20
21. 6. 9 오후 9:15,22.50,80.80
21. 6. 9 오후 9:30,,100.00
21. 6. 9 오후 9:45,20.50,100.00
21. 6. 9 오후 10:00,20.50,100.00
21. 6. 9 오후 10:15,20.40,100.00
21. 6. 9 오후 10:30,20.80,100.00
21. 6. 9 오후 10:45,21.30,99.90
21. 6. 9 오후 11:00,20.60,99.90
21. 6. 9 오후 11:15,20.00,99.90
21. 6. 9 오후 11:30,20.20,99.90
21. 6. 9 오후 11:45,20.30,99.90
21. 6. 10 오전 12:00,19.70,100.00
21. 6. 10 오전 12:15,20.50,70.80
21. 6. 10 오전 12:30,20.50,70.80
21. 6. 10 오전 12:45,20.50,71.40
21. 6. 10 오전 1:00,20.60,71.20
21. 6. 10 오전 1:15,20.50,78.20
21. 6. 10 오전 1:30,20.50,76.20
21. 6. 10 오전 1:45,20.30,75.10
21. 6. 10 오전 2:00,20.30,73.50
21. 6. 10 오전 2:15,20.50,70.90
21. 6. 10 오전 2:30,20.30,73.90
21. 6. 10 오전 2:45,20.40,72.00
21. 6. 10 오전 3:00,20.60,76.90
21. 6. 10 오전 3:15,20.60,83.20
21. 6. 10 오전 3:30,20.60,99.90
21. 6. 10 오전 3:45,20.60,99.90
21. 6. 10 오전 4:00,20.70,99.90
21. 6. 10 오전 4:15,20.80,99.90
21. 6. 10 오전 4:30,20.90,99.90
21. 6. 10 오전 4:45,21.20,99.90
21. 6. 10 오전 5:00,21.20,99.90
21. 6. 10 오전 5:15,21.40,97.60
21. 6. 10 오전 5:30,21.60,90.70
21. 6. 10 오전 5:45,21.90,81.40
21. 6. 10 오전 6:00,22.00,82.60
21. 6. 10 오전 6:15,22.10,76.70
21. 6. 10 오전 6:30,22.20,75.50
21. 6. 10 오전 6:45,22.50,77.60
21. 6. 10 오전 7:00,22.60,76.40
21. 6. 10 오전 7:15,22.80,78.90
21. 6. 10 오전 7:30,22.50,85.30
21. 6. 10 오전 7:45,22.90,85.40
21. 6. 10 오전 8:00,,78.80
21. 6. 10 오전 8:15,23.60,78.80
21. 6. 10 오전 8:30,24.60,70.00
21. 6. 10 오전 8:45,25.30,65.70
21. 6. 10 오전 9:00,25.00,67.10
21. 6. 10 오전 9:15,24.80,67.40
21. 6. 10 오전 9:30,24.70,66.80
21. 6. 10 오전 9:45,25.00,67.80
21. 6. 10 오전 10:00,25.10,67.20
21. 6. 10 오전 10:15,25.60,66.00
21. 6. 10 오전 10:30,26.10,65.20
21. 6. 10 오전 10:45,26.60,60.80
21. 6. 10 오전 11:00,26.30,63.20
21. 6. 10 오전 11:15,26.10,62.20
21. 6. 10 오전 11:30,26.20,60.40
21. 6. 10 오전 11:45,25.90,56.00
21. 6. 10 오후 12:00,,53.30
21. 6. 10 오후 12:15,26.30,53.30
21. 6. 10 오후 12:30,26.80,53.10
21. 6. 10 오후 12:45,,52.90
21. 6. 10 오후 1:00,26.90,52.90
21. 6. 10 오후 1:15,26.90,55.20
21. 6. 10 오후 1:30,26.90,55.20
21. 6. 10 오후 1:45,23.50,72.70
21. 6. 10 오후 2:00,23.20,73.20
21. 6. 10 오후 2:15,23.10,73.80
21. 6. 10 오후 2:30,23.30,72.00
21. 6. 10 오후 2:45,24.60,64.40
21. 6. 10 오후 3:00,24.60,62.20
21. 6. 10 오후 3:15,24.60,61.70
21. 6. 10 오후 3:30,24.30,63.40
21. 6. 10 오후 3:45,24.60,64.50
21. 6. 10 오후 4:00,24.90,64.40
21. 6. 10 오후 4:15,24.70,64.70
21. 6. 10 오후 4:30,24.10,61.30
21. 6. 10 오후 4:45,24.00,60.10
21. 6. 10 오후 5:00,23.70,62.90
21. 6. 10 오후 5:15,23.30,65.60
21. 6. 10 오후 5:30,23.20,62.90
21. 6. 10 오후 5:45,23.20,61.50
21. 6. 10 오후 6:00,23.10,64.00
21. 6. 10 오후 6:15,23.10,67.70
21. 6. 10 오후 6:30,23.10,70.50
21. 6. 10 오후 6:45,23.00,72.50
21. 6. 10 오후 7:00,23.00,73.40
21. 6. 10 오후 7:15,23.00,72.40
21. 6. 10 오후 7:30,22.80,76.70
21. 6. 10 오후 7:45,23.10,72.00
21. 6. 10 오후 8:00,23.70,64.70
21. 6. 10 오후 8:15,23.90,63.50
21. 6. 10 오후 8:30,23.80,60.90
21. 6. 10 오후 8:45,23.70,61.70
21. 6. 10 오후 9:00,23.20,63.40
21. 6. 10 오후 9:15,22.80,65.70
21. 6. 10 오후 9:30,22.70,56.80
21. 6. 10 오후 9:45,21.80,59.10
21. 6. 10 오후 10:00,22.10,61.30
21. 6. 10 오후 10:15,21.70,66.40
21. 6. 10 오후 10:30,21.00,75.00
21. 6. 10 오후 10:45,20.60,91.40
21. 6. 10 오후 11:00,19.60,100.00
21. 6. 10 오후 11:15,19.30,100.00
21. 6. 10 오후 11:30,19.20,100.00
21. 6. 10 오후 11:45,19.20,100.00
21. 6. 11 오전 12:00,,100.00
21. 6. 11 오전 12:15,18.90,100.00
21. 6. 11 오전 12:30,18.90,100.00
21. 6. 11 오전 12:45,19.00,100.00
21. 6. 11 오전 1:00,19.20,100.00
21. 6. 11 오전 1:15,19.20,100.00
21. 6. 11 오전 1:30,19.20,100.00
21. 6. 11 오전 1:45,19.20,100.00
21. 6. 11 오전 2:00,,100.00
21. 6. 11 오전 2:15,19.00,100.00
21. 6. 11 오전 2:30,18.90,100.00
21. 6. 11 오전 2:45,18.80,100.00
21. 6. 11 오전 3:00,,100.00
21. 6. 11 오전 3:15,,100.00
21. 6. 11 오전 3:30,19.30,100.00
21. 6. 11 오전 3:45,19.10,100.00
21. 6. 11 오전 4:00,,100.00
21. 6. 11 오전 4:15,19.00,100.00
21. 6. 11 오전 4:30,18.90,100.00
21. 6. 11 오전 4:45,18.80,100.00
21. 6. 11 오전 5:00,18.70,100.00
21. 6. 11 오전 5:15,18.70,100.00
21. 6. 11 오전 5:30,18.70,100.00
21. 6. 11 오전 5:45,18.70,100.00
21. 6. 11 오전 6:00,18.50,100.00
21. 6. 11 오전 6:15,18.30,100.00
21. 6. 11 오전 6:30,18.30,100.00
21. 6. 11 오전 6:45,18.00,100.00
21. 6. 11 오전 7:00,17.90,100.00
21. 6. 11 오전 7:15,17.80,100.00
21. 6. 11 오전 7:30,17.70,100.00
21. 6. 11 오전 7:45,17.50,100.00
21. 6. 11 오전 8:00,17.50,100.00
21. 6. 11 오전 8:15,17.50,100.00
21. 6. 11 오전 8:30,17.60,100.00
21. 6. 11 오전 8:45,17.60,100.00
21. 6. 11 오전 9:00,17.60,100.00
21. 6. 11 오전 9:15,17.70,100.00
21. 6. 11 오전 9:30,17.90,100.00
21. 6. 11 오전 9:45,17.90,100.00
21. 6. 11 오전 10:00,18.10,100.00
21. 6. 11 오전 10:15,18.80,99.90
21. 6. 11 오전 10:30,18.90,100.00
21. 6. 11 오전 10:45,19.10,100.00
21. 6. 11 오전 11:00,19.50,100.00
21. 6. 11 오전 11:15,19.20,100.00
21. 6. 11 오전 11:30,19.30,99.90
21. 6. 11 오전 11:45,19.40,99.90
21. 6. 11 오후 12:00,19.30,99.90
21. 6. 11 오후 12:15,19.00,99.90
21. 6. 11 오후 12:30,19.00,99.90
21. 6. 11 오후 12:45,19.30,100.00
21. 6. 11 오후 1:00,19.80,99.90
21. 6. 11 오후 1:15,,100.00
21. 6. 11 오후 1:30,20.60,100.00
21. 6. 11 오후 1:45,20.80,99.90
21. 6. 11 오후 2:00,20.60,99.90
21. 6. 11 오후 2:15,20.80,100.00
21. 6. 11 오후 2:30,20.40,99.90
21. 6. 11 오후 2:45,20.70,99.90
21. 6. 11 오후 3:00,20.60,100.00
21. 6. 11 오후 3:15,20.50,99.90
21. 6. 11 오후 3:30,,100.00
21. 6. 11 오후 3:45,20.20,100.00
21. 6. 11 오후 4:00,20.20,100.00
21. 6. 11 오후 4:15,20.20,100.00
21. 6. 11 오후 4:30,20.20,100.00
21. 6. 11 오후 4:45,20.10,100.00
21. 6. 11 오후 5:00,20.20,100.00
21. 6. 11 오후 5:15,19.70,100.00
21. 6. 11 오후 5:30,19.70,100.00
21. 6. 11 오후 5:45,19.40,100.00
21. 6. 11 오후 6:00,19.50,100.00
21. 6. 11 오후 6:15,19.70,100.00
21. 6. 11 오후 6:30,,100.00
21. 6. 11 오후 6:45,19.80,100.00
21. 6. 11 오후 7:00,19.90,100.00
21. 6. 11 오후 7:15,,100.00
21. 6. 11 오후 7:30,19.50,100.00
21. 6. 11 오후 7:45,19.30,100.00
21. 6. 11 오후 8:00,19.20,100.00
21. 6. 11 오후 8:15,19.00,100.00
21. 6. 11 오후 8:30,18.80,100.00
21. 6. 11 오후 8:45,18.80,100.00
21. 6. 11 오후 9:00,18.60,100.00
21. 6. 11 오후 9:15,18.20,100.00
21. 6. 11 오후 9:30,18.00,100.00
21. 6. 11 오후 9:45,17.70,100.00
21. 6. 11 오후 10:00,17.60,100.00
21. 6. 11 오후 10:15,17.80,100.00
21. 6. 11 오후 10:30,17.60,100.00
21. 6. 11 오후 10:45,17.50,100.00
21. 6. 11 오후 11:00,17.50,100.00
21. 6. 11 오후 11:15,17.60,100.00
21. 6. 11 오후 11:30,17.70,100.00
21. 6. 11 오후 11:45,17.70,100.00
21. 6. 12 오전 12:00,17.70,100.00
21. 6. 12 오전 12:15,17.90,100.00
21. 6. 12 오전 12:30,18.00,100.00
21. 6. 12 오전 12:45,18.00,100.00
21. 6. 12 오전 1:00,17.80,100.00
21. 6. 12 오전 1:15,17.90,100.00
21. 6. 12 오전 1:30,18.00,100.00
21. 6. 12 오전 1:45,18.10,100.00
21. 6. 12 오전 2:00,18.10,100.00
21. 6. 12 오전 2:15,18.00,100.00
21. 6. 12 오전 2:30,18.00,100.00
21. 6. 12 오전 2:45,18.00,100.00
21. 6. 12 오전 3:00,18.10,100.00
21. 6. 12 오전 3:15,18.20,100.00
21. 6. 12 오전 3:30,18.30,100.00
21. 6. 12 오전 3:45,18.30,100.00
21. 6. 12 오전 4:00,18.50,100.00
21. 6. 12 오전 4:15,18.50,100.00
21. 6. 12 오전 4:30,18.60,100.00
21. 6. 12 오전 4:45,18.60,100.00
21. 6. 12 오전 5:00,18.70,100.00
21. 6. 12 오전 5:15,18.60,100.00
21. 6. 12 오전 5:30,,100.00
21. 6. 12 오전 5:45,18.80,100.00
21. 6. 12 오전 6:00,18.80,100.00
21. 6. 12 오전 6:15,18.80,100.00
21. 6. 12 오전 6:30,18.80,100.00
21. 6. 12 오전 6:45,18.80,99.90
21. 6. 12 오전 7:00,18.80,99.90
21. 6. 12 오전 7:15,19.00,99.90
21. 6. 12 오전 7:30,19.00,99.90
21. 6. 12 오전 7:45,19.40,100.00
21. 6. 12 오전 8:00,19.40,100.00
21. 6. 12 오전 8:15,20.80,100.00
21. 6. 12 오전 8:30,20.80,100.00
21. 6. 12 오전 8:45,21.60,100.00
21. 6. 12 오전 9:00,22.50,100.00
21. 6. 12 오전 9:15,22.60,100.00
21. 6. 12 오전 9:30,23.20,99.90
21. 6. 12 오전 9:45,,89.00
21. 6. 12 오전 10:00,23.30,89.00
21. 6. 12 오전 10:15,22.10,100.00
21. 6. 12 오전 10:30,,99.90
21. 6. 12 오전 10:45,22.80,99.90
21. 6. 12 오전 11:00,22.50,100.00
21. 6. 12 오전 11:15,22.50,100.00
21. 6. 12 오전 11:30,23.00,100.00
21. 6. 12 오전 11:45,22.60,100.00
21. 6. 12 오후 12:00,22.50,99.90
21. 6. 12 오후 12:15,22.90,99.90
21. 6. 12 오후 12:30,23.30,100.00
21. 6. 12 오후 12:45,22.90,99.90
21. 6. 12 오후 1:00,22.40,99.90
21. 6. 12 오후 1:15,21.90,100.00
21. 6. 12 오후 1:30,21.90,100.00
21. 6. 12 오후 1:45,22.00,100.00
21. 6. 12 오후 2:00,21.70,100.00
21. 6. 12 오후 2:15,22.10,100.00
21. 6. 12 오후 2:30,21.20,100.00
21. 6. 12 오후 2:45,20.80,100.00
21. 6. 12 오후 3:00,21.40,100.00
21. 6. 12 오후 3:15,22.20,100.00
21. 6. 12 오후 3:30,21.60,100.00
21. 6. 12 오후 3:45,21.90,100.00
21. 6. 12 오후 4:00,22.10,100.00
21. 6. 12 오후 4:15,21.50,100.00
21. 6. 12 오후 4:30,21.30,100.00
21. 6. 12 오후 4:45,20.70,100.00
21. 6. 12 오후 5:00,20.50,100.00
21. 6. 12 오후 5:15,20.00,100.00
21. 6. 12 오후 5:30,20.20,100.00
21. 6. 12 오후 5:45,20.20,100.00
21. 6. 12 오후 6:00,19.40,100.00
21. 6. 12 오후 6:15,18.80,100.00
21. 6. 12 오후 6:30,18.20,100.00
21. 6. 12 오후 6:45,18.30,100.00
21. 6. 12 오후 7:00,18.50,100.00
21. 6. 12 오후 7:15,18.70,100.00
21. 6. 12 오후 7:30,19.00,100.00
21. 6. 12 오후 7:45,19.40,100.00
21. 6. 12 오후 8:00,19.50,100.00
21. 6. 12 오후 8:15,19.40,100.00
21. 6. 12 오후 8:30,19.30,100.00
21. 6. 12 오후 8:45,19.40,100.00
21. 6. 12 오후 9:00,19.30,99.90
21. 6. 12 오후 9:15,19.10,100.00
21. 6. 12 오후 9:30,18.90,99.90
21. 6. 12 오후 9:45,19.00,99.90
21. 6. 12 오후 10:00,19.10,99.90
21. 6. 12 오후 10:15,19.20,100.00
21. 6. 12 오후 10:30,19.10,99.90
21. 6. 12 오후 10:45,18.80,99.90
21. 6. 12 오후 11:00,18.90,99.90
21. 6. 12 오후 11:15,18.80,99.90
21. 6. 12 오후 11:30,18.60,100.00
21. 6. 12 오후 11:45,18.60,100.00
21. 6. 13 오전 12:00,,99.90
21. 6. 13 오전 12:15,18.60,99.90
21. 6. 13 오전 12:30,18.40,99.90
21. 6. 13 오전 12:45,18.40,99.90
21. 6. 13 오전 1:00,,100.00
21. 6. 13 오전 1:15,18.10,100.00
21. 6. 13 오전 1:30,17.90,100.00
21. 6. 13 오전 1:45,,100.00
21. 6. 13 오전 2:00,17.90,100.00
21. 6. 13 오전 2:15,17.90,99.90
21. 6. 13 오전 2:30,17.90,100.00
21. 6. 13 오전 2:45,18.00,100.00
21. 6. 13 오전 3:00,17.90,100.00
21. 6. 13 오전 3:15,17.80,100.00
21. 6. 13 오전 3:30,17.70,100.00
21. 6. 13 오전 3:45,17.70,100.00
21. 6. 13 오전 4:00,17.80,100.00
21. 6. 13 오전 4:15,17.60,100.00
21. 6. 13 오전 4:30,17.70,100.00
21. 6. 13 오전 4:45,17.60,100.00
21. 6. 13 오전 5:00,17.60,100.00
21. 6. 13 오전 5:15,17.30,100.00
21. 6. 13 오전 5:30,17.20,100.00
21. 6. 13 오전 5:45,17.10,100.00
21. 6. 13 오전 6:00,17.00,100.00
21. 6. 13 오전 6:15,17.20,100.00
21. 6. 13 오전 6:30,17.10,100.00
21. 6. 13 오전 6:45,17.00,100.00
21. 6. 13 오전 7:00,17.20,100.00
21. 6. 13 오전 7:15,17.30,100.00
21. 6. 13 오전 7:30,17.50,100.00
21. 6. 13 오전 7:45,17.60,100.00
21. 6. 13 오전 8:00,17.30,100.00
21. 6. 13 오전 8:15,17.40,100.00
21. 6. 13 오전 8:30,17.20,100.00
21. 6. 13 오전 8:45,17.30,100.00
21. 6. 13 오전 9:00,17.30,100.00
21. 6. 13 오전 9:15,17.30,100.00
21. 6. 13 오전 9:30,17.50,100.00
21. 6. 13 오전 9:45,17.50,100.00
21. 6. 13 오전 10:00,17.30,100.00
21. 6. 13 오전 10:15,17.20,100.00
21. 6. 13 오전 10:30,17.00,100.00
21. 6. 13 오전 10:45,17.30,100.00
21. 6. 13 오전 11:00,17.80,100.00
21. 6. 13 오전 11:15,18.00,100.00
21. 6. 13 오전 11:30,17.90,100.00
21. 6. 13 오전 11:45,19.30,99.90
21. 6. 13 오후 12:00,,99.90
21. 6. 13 오후 12:15,21.30,99.90
21. 6. 13 오후 12:30,20.30,99.90
21. 6. 13 오후 12:45,19.90,99.90
21. 6. 13 오후 1:00,19.50,100.00
21. 6. 13 오후 1:15,19.50,100.00
21. 6. 13 오후 1:30,19.50,100.00
21. 6. 13 오후 1:45,20.20,100.00
21. 6. 13 오후 2:00,,100.00
21. 6. 13 오후 2:15,20.80,100.00
21. 6. 13 오후 2:30,20.50,100.00
21. 6. 13 오후 2:45,20.70,100.00
21. 6. 13 오후 3:00,20.50,100.00
21. 6. 13 오후 3:15,20.60,100.00
21. 6. 13 오후 3:30,20.60,100.00
21. 6. 13 오후 3:45,20.40,99.90
21. 6. 13 오후 4:00,20.10,99.90
21. 6. 13 오후 4:15,,100.00
21. 6. 13 오후 4:30,19.10,100.00
21. 6. 13 오후 4:45,18.60,100.00
21. 6. 13 오후 5:00,,100.00
21. 6. 13 오후 5:15,17.70,100.00
21. 6. 13 오후 5:30,17.50,100.00
21. 6. 13 오후 5:45,17.30,100.00
21. 6. 13 오후 6:00,17.10,100.00
21. 6. 13 오후 6:15,17.00,100.00
21. 6. 13 오후 6:30,17.50,100.00
21. 6. 13 오후 6:45,17.70,100.00
21. 6. 13 오후 7:00,17.70,100.00
21. 6. 13 오후 7:15,17.90,100.00
21. 6. 13 오후 7:30,17.90,100.00
21. 6. 13 오후 7:45,18.10,100.00
21. 6. 13 오후 8:00,18.00,100.00
21. 6. 13 오후 8:15,17.70,100.00
21. 6. 13 오후 8:30,17.30,100.00
21. 6. 13 오후 8:45,17.00,100.00
21. 6. 13 오후 9:00,16.80,100.00
21. 6. 13 오후 9:15,16.50,100.00
21. 6. 13 오후 9:30,16.60,100.00
21. 6. 13 오후 9:45,16.40,100.00
21. 6. 13 오후 10:00,16.50,100.00
21. 6. 13 오후 10:15,16.40,100.00
21. 6. 13 오후 10:30,16.00,100.00
21. 6. 13 오후 10:45,15.80,100.00
21. 6. 13 오후 11:00,15.60,100.00
21. 6. 13 오후 11:15,15.60,100.00
21. 6. 13 오후 11:30,,100.00
21. 6. 13 오후 11:45,15.60,100.00
21. 6. 14 오전 12:00,15.60,100.00
21. 6. 14 오전 12:15,15.80,100.00
21. 6. 14 오전 12:30,15.70,100.00
21. 6. 14 오전 12:45,15.60,100.00
21. 6. 14 오전 1:00,15.60,100.00
21. 6. 14 오전 1:15,15.60,100.00
21. 6. 14 오전 1:30,,100.00
21. 6. 14 오전 1:45,15.70,100.00
21. 6. 14 오전 2:00,15.70,100.00
21. 6. 14 오전 2:15,15.80,100.00
21. 6. 14 오전 2:30,,100.00
21. 6. 14 오전 2:45,15.70,100.00
21. 6. 14 오전 3:00,15.70,100.00
21. 6. 14 오전 3:15,15.70,100.00
21. 6. 14 오전 3:30,15.60,100.00
21. 6. 14 오전 3:45,15.70,100.00
21. 6. 14 오전 4:00,15.70,100.00
21. 6. 14 오전 4:15,15.50,100.00
21. 6. 14 오전 4:30,15.40,100.00
21. 6. 14 오전 4:45,15.30,100.00
21. 6. 14 오전 5:00,15.30,100.00
21. 6. 14 오전 5:15,15.40,100.00
21. 6. 14 오전 5:30,15.30,100.00
21. 6. 14 오전 5:45,15.20,100.00
21. 6. 14 오전 6:00,15.30,100.00
21. 6. 14 오전 6:15,15.40,100.00
21. 6. 14 오전 6:30,15.40,100.00
21. 6. 14 오전 6:45,15.50,100.00
21. 6. 14 오전 7:00,15.80,100.00
21. 6. 14 오전 7:15,15.80,100.00
21. 6. 14 오전 7:30,,100.00
21. 6. 14 오전 7:45,16.00,100.00
21. 6. 14 오전 8:00,16.10,100.00
21. 6. 14 오전 8:15,,100.00
21. 6. 14 오전 8:30,16.60,100.00
21. 6. 14 오전 8:45,17.10,100.00
21. 6. 14 오전 9:00,18.20,100.00
21. 6. 14 오전 9:15,18.20,100.00
21. 6. 14 오전 9:30,20.00,100.00
21. 6. 14 오전 9:45,19.50,100.00
21. 6. 14 오전 10:00,19.10,100.00
21. 6. 14 오전 10:15,18.60,100.00
21. 6. 14 오전 10:30,18.70,100.00
21. 6. 14 오전 10:45,18.60,100.00
21. 6. 14 오전 11:00,18.40,100.00
21. 6. 14 오전 11:15,18.10,99.90
21. 6. 14 오전 11:30,18.90,100.00
21. 6. 14 오전 11:45,18.90,99.90
21. 6. 14 오후 12:00,20.30,99.90
21. 6. 14 오후 12:15,20.60,100.00
21. 6. 14 오후 12:30,20.60,100.00
21. 6. 14 오후 12:45,21.80,99.90
21. 6. 14 오후 1:00,19.60,100.00
21. 6. 14 오후 1:15,19.10,100.00
21. 6. 14 오후 1:30,19.10,100.00
21. 6. 14 오후 1:45,19.60,100.00
21. 6. 14 오후 2:00,19.80,100.00
21. 6. 14 오후 2:15,20.00,100.00
21. 6. 14 오후 2:30,20.50,100.00
21. 6. 14 오후 2:45,19.70,100.00
21. 6. 14 오후 3:00,20.20,100.00
21. 6. 14 오후 3:15,20.90,100.00
21. 6. 14 오후 3:30,21.20,100.00
21. 6. 14 오후 3:45,21.00,100.00
21. 6. 14 오후 4:00,20.50,100.00
21. 6. 14 오후 4:15,19.70,100.00
21. 6. 14 오후 4:30,19.40,100.00
21. 6. 14 오후 4:45,19.20,100.00
21. 6. 14 오후 5:00,19.00,100.00
21. 6. 14 오후 5:15,18.90,100.00
21. 6. 14 오후 5:30,18.70,100.00
21. 6. 14 오후 5:45,18.50,100.00
21. 6. 14 오후 6:00,18.70,100.00
21. 6. 14 오후 6:15,18.80,99.90
21. 6. 14 오후 6:30,19.00,100.00
21. 6. 14 오후 6:45,19.00,100.00
21. 6. 14 오후 7:00,18.90,100.00
21. 6. 14 오후 7:15,18.50,100.00
21. 6. 14 오후 7:30,18.50,100.00
21. 6. 14 오후 7:45,18.60,100.00
21. 6. 14 오후 8:00,18.30,100.00
21. 6. 14 오후 8:15,18.30,100.00
21. 6. 14 오후 8:30,18.30,100.00
21. 6. 14 오후 8:45,18.20,100.00
21. 6. 14 오후 9:00,18.10,100.00
21. 6. 14 오후 9:15,17.90,100.00
21. 6. 14 오후 9:30,18.00,100.00
21. 6. 14 오후 9:45,18.10,100.00
21. 6. 14 오후 10:00,18.30,100.00
21. 6. 14 오후 10:15,18.40,100.00
21. 6. 14 오후 10:30,18.70,100.00
21. 6. 14 오후 10:45,,99.90
21. 6. 14 오후 11:00,18.50,99.90
21. 6. 14 오후 11:15,18.60,100.00
21. 6. 14 오후 11:30,18.60,100.00
21. 6. 14 오후 11:45,18.60,100.00
21. 6. 15 오전 12:00,18.80,100.00
21. 6. 15 오전 12:15,18.90,100.00
21. 6. 15 오전 12:30,18.90,100.00
21. 6. 15 오전 12:45,18.90,100.00
21. 6. 15 오전 1:00,19.00,100.00
21. 6. 15 오전 1:15,19.10,100.00
21. 6. 15 오전 1:30,18.90,100.00
21. 6. 15 오전 1:45,18.90,100.00
21. 6. 15 오전 2:00,18.70,100.00
21. 6. 15 오전 2:15,18.80,99.90
21. 6. 15 오전 2:30,18.60,100.00
21. 6. 15 오전 2:45,18.60,100.00
21. 6. 15 오전 3:00,18.50,100.00
21. 6. 15 오전 3:15,18.50,100.00
21. 6. 15 오전 3:30,18.80,100.00
21. 6. 15 오전 3:45,18.80,100.00
21. 6. 15 오전 4:00,19.00,100.00
21. 6. 15 오전 4:15,19.20,100.00
21. 6. 15 오전 4:30,19.20,100.00
21. 6. 15 오전 4:45,19.20,100.00
21. 6. 15 오전 5:00,19.40,100.00
21. 6. 15 오전 5:15,19.30,100.00
21. 6. 15 오전 5:30,19.40,99.90
21. 6. 15 오전 5:45,19.50,100.00
21. 6. 15 오전 6:00,19.60,100.00
21. 6. 15 오전 6:15,19.80,100.00
21. 6. 15 오전 6:30,20.00,100.00
21. 6. 15 오전 6:45,20.10,99.90
21. 6. 15 오전 7:00,20.00,99.90
21. 6. 15 오전 7:15,20.00,100.00
21. 6. 15 오전 7:30,20.30,99.90
21. 6. 15 오전 7:45,20.60,100.00
21. 6. 15 오전 8:00,20.70,99.90
21. 6. 15 오전 8:15,19.10,99.90
21. 6. 15 오전 8:30,18.90,100.00
21. 6. 15 오전 8:45,19.20,100.00
21. 6. 15 오전 9:00,19.60,100.00
21. 6. 15 오전 9:15,20.20,100.00
21. 6. 15 오전 9:30,21.00,100.00
21. 6. 15 오전 9:45,21.40,100.00
21. 6. 15 오전 10:00,21.50,100.00
21. 6. 15 오전 10:15,21.50,100.00
21. 6. 15 오전 10:30,21.90,100.00
21. 6. 15 오전 10:45,22.00,99.90
21. 6. 15 오전 11:00,22.10,100.00
21. 6. 15 오전 11:15,22.20,100.00
21. 6. 15 오전 11:30,22.20,100.00
21. 6. 15 오전 11:45,22.20,100.00
21. 6. 15 오후 12:00,22.40,100.00
21. 6. 15 오후 12:15,22.60,100.00
21. 6. 15 오후 12:30,22.60,100.00
21. 6. 15 오후 12:45,22.40,99.90
21. 6. 15 오후 1:00,22.50,100.00
21. 6. 15 오후 1:15,22.30,100.00
21. 6. 15 오후 1:30,,100.00
21. 6. 15 오후 1:45,22.20,100.00
21. 6. 15 오후 2:00,,99.90
21. 6. 15 오후 2:15,22.00,99.90
21. 6. 15 오후 2:30,22.20,100.00
21. 6. 15 오후 2:45,22.40,98.30
21. 6. 15 오후 3:00,22.40,98.30
21. 6. 15 오후 3:15,22.60,89.60
21. 6. 15 오후 3:30,22.80,80.10
21. 6. 15 오후 3:45,23.00,76.90
21. 6. 15 오후 4:00,23.00,76.90
21. 6. 15 오후 4:15,23.40,73.90
21. 6. 15 오후 4:30,23.40,73.90
21. 6. 15 오후 4:45,24.00,70.80
21. 6. 15 오후 5:00,24.00,70.80
21. 6. 15 오후 5:15,24.00,68.60
21. 6. 15 오후 5:30,24.30,66.60
21. 6. 15 오후 5:45,24.50,65.90
21. 6. 15 오후 6:00,24.50,65.90
21. 6. 15 오후 6:15,24.40,69.90
21. 6. 15 오후 6:30,24.40,69.90
21. 6. 15 오후 6:45,24.40,67.10
21. 6. 15 오후 7:00,24.50,68.50
21. 6. 15 오후 7:15,24.40,68.70
21. 6. 15 오후 7:30,24.40,68.70
21. 6. 15 오후 7:45,23.90,68.60
21. 6. 15 오후 8:00,23.90,68.60
21. 6. 15 오후 8:15,23.70,69.20
21. 6. 15 오후 8:30,23.70,69.20
21. 6. 15 오후 8:45,23.30,75.50
21. 6. 15 오후 9:00,23.30,75.50
21. 6. 15 오후 9:15,23.10,76.90
21. 6. 15 오후 9:30,23.00,77.40
21. 6. 15 오후 9:45,22.90,79.10
21. 6. 15 오후 10:00,22.80,80.30
21. 6. 15 오후 10:15,22.70,81.90
21. 6. 15 오후 10:30,22.70,81.90
21. 6. 15 오후 10:45,22.60,81.00
21. 6. 15 오후 11:00,22.50,77.30
21. 6. 15 오후 11:15,22.50,75.90
21. 6. 15 오후 11:30,22.30,74.90
21. 6. 15 오후 11:45,22.10,73.10
21. 6. 16 오전 12:00,22.10,73.10
21. 6. 16 오전 12:15,21.80,70.60
21. 6. 16 오전 12:30,21.80,70.60
21. 6. 16 오전 12:45,21.70,69.80
21. 6. 16 오전 1:00,21.60,68.90
21. 6. 16 오전 1:15,21.50,67.60
21. 6. 16 오전 1:30,21.50,66.50
21. 6. 16 오전 1:45,21.30,66.80
21. 6. 16 오전 2:00,21.30,66.40
21. 6. 16 오전 2:15,21.20,65.80
21. 6. 16 오전 2:30,21.20,66.20
21. 6. 16 오전 2:45,21.10,67.20
21. 6. 16 오전 3:00,21.00,67.00
21. 6. 16 오전 3:15,21.00,67.20
21. 6. 16 오전 3:30,21.00,67.90
21. 6. 16 오전 3:45,21.00,67.70
21. 6. 16 오전 4:00,21.10,68.00
21. 6. 16 오전 4:15,21.10,68.20
21. 6. 16 오전 4:30,21.00,68.40
21. 6. 16 오전 4:45,20.90,69.00
21. 6. 16 오전 5:00,20.80,69.30
21. 6. 16 오전 5:15,,69.00
21. 6. 16 오전 5:30,20.90,69.00
21. 6. 16 오전 5:45,20.90,69.40
21. 6. 16 오전 6:00,21.20,68.30
21. 6. 16 오전 6:15,21.20,68.30
21. 6. 16 오전 6:30,22.10,64.60
21. 6. 16 오전 6:45,22.70,62.00
21. 6. 16 오전 7:00,23.20,60.40
21. 6. 16 오전 7:15,23.20,60.40
21. 6. 16 오전 7:30,23.50,58.90
21. 6. 16 오전 7:45,23.50,58.90
21. 6. 16 오전 8:00,24.50,56.60
21. 6. 16 오전 8:15,24.50,56.60
21. 6. 16 오전 8:30,24.90,53.70
21. 6. 16 오전 8:45,24.90,53.70
21. 6. 16 오전 9:00,25.30,52.00
21. 6. 16 오전 9:15,25.30,52.00
21. 6. 16 오전 9:30,25.70,50.80
21. 6. 16 오전 9:45,25.90,50.50
21. 6. 16 오전 10:00,25.70,50.40
21. 6. 16 오전 10:15,25.70,50.40
21. 6. 16 오전 10:30,26.50,48.30
21. 6. 16 오전 10:45,26.00,48.50
21. 6. 16 오전 11:00,26.60,47.10
21. 6. 16 오전 11:15,26.60,47.10
21. 6. 16 오전 11:30,26.20,47.50
21. 6. 16 오전 11:45,26.40,48.90
21. 6. 16 오후 12:00,27.50,45.50
21. 6. 16 오후 12:15,27.50,45.50
21. 6. 16 오후 12:30,27.20,46.50
21. 6. 16 오후 12:45,27.20,45.60
21. 6. 16 오후 1:00,27.10,45.30
21. 6. 16 오후 1:15,27.20,46.90
21. 6. 16 오후 1:30,27.20,46.90
21. 6. 16 오후 1:45,27.60,45.70
21. 6. 16 오후 2:00,27.80,43.60
21. 6. 16 오후 2:15,27.90,42.60
21. 6. 16 오후 2:30,27.90,42.50
21. 6. 16 오후 2:45,27.70,42.90
21. 6. 16 오후 3:00,27.60,44.20
21. 6. 16 오후 3:15,27.50,43.50
21. 6. 16 오후 3:30,27.40,44.80
21. 6. 16 오후 3:45,27.50,42.70
21. 6. 16 오후 4:00,27.50,43.00
21. 6. 16 오후 4:15,27.60,43.80
21. 6. 16 오후 4:30,27.60,42.80
21. 6. 16 오후 4:45,27.60,41.60
21. 6. 16 오후 5:00,27.90,42.70
21. 6. 16 오후 5:15,27.90,41.50
21. 6. 16 오후 5:30,27.90,43.50
21. 6. 16 오후 5:45,27.70,44.20
21. 6. 16 오후 6:00,27.30,44.70
21. 6. 16 오후 6:15,27.30,45.40
21. 6. 16 오후 6:30,27.40,45.10
21. 6. 16 오후 6:45,27.20,45.60
21. 6. 16 오후 7:00,26.80,45.80
21. 6. 16 오후 7:15,26.80,45.80
21. 6. 16 오후 7:30,26.40,47.30
21. 6. 16 오후 7:45,26.20,47.90
21. 6. 16 오후 8:00,25.80,48.90
21. 6. 16 오후 8:15,25.50,48.90
21. 6. 16 오후 8:30,,50.00
21. 6. 16 오후 8:45,25.10,50.00
21. 6. 16 오후 9:00,24.70,50.80
21. 6. 16 오후 9:15,24.50,51.50
21. 6. 16 오후 9:30,24.50,51.50
21. 6. 16 오후 9:45,24.10,52.10
21. 6. 16 오후 10:00,23.70,53.00
21. 6. 16 오후 10:15,23.60,54.00
21. 6. 16 오후 10:30,23.60,54.00
21. 6. 16 오후 10:45,23.30,54.10
21. 6. 16 오후 11:00,23.30,54.10
21. 6. 16 오후 11:15,22.90,56.50
21. 6. 16 오후 11:30,22.90,56.50
21. 6. 16 오후 11:45,22.60,58.60
21. 6. 17 오전 12:00,,58.20
21. 6. 17 오전 12:15,22.10,58.20
21. 6. 17 오전 12:30,22.10,58.20
21. 6. 17 오전 12:45,21.90,59.50
21. 6. 17 오전 1:00,21.70,59.20
21. 6. 17 오전 1:15,21.50,59.10
21. 6. 17 오전 1:30,21.50,59.10
21. 6. 17 오전 1:45,21.40,59.50
21. 6. 17 오전 2:00,21.30,60.20
21. 6. 17 오전 2:15,21.10,60.60
21. 6. 17 오전 2:30,21.10,60.60
21. 6. 17 오전 2:45,21.00,61.90
21. 6. 17 오전 3:00,21.00,61.30
21. 6. 17 오전 3:15,20.90,62.70
21. 6. 17 오전 3:30,20.90,62.70
21. 6. 17 오전 3:45,20.80,63.10
21. 6. 17 오전 4:00,20.70,62.60
21. 6. 17 오전 4:15,20.60,63.80
21. 6. 17 오전 4:30,20.50,63.60
21. 6. 17 오전 4:45,20.50,64.10
21. 6. 17 오전 5:00,20.30,64.30
21. 6. 17 오전 5:15,20.40,65.30
21. 6. 17 오전 5:30,20.20,64.60
21. 6. 17 오전 5:45,20.30,65.20
21. 6. 17 오전 6:00,20.20,65.00
21. 6. 17 오전 6:15,20.30,64.50
21. 6. 17 오전 6:30,20.30,65.10
21. 6. 17 오전 6:45,20.50,64.80
21. 6. 17 오전 7:00,20.50,64.70
21. 6. 17 오전 7:15,20.60,64.80
21. 6. 17 오전 7:30,20.70,63.60
21. 6. 17 오전 7:45,20.80,63.50
21. 6. 17 오전 8:00,20.80,63.50
21. 6. 17 오전 8:15,20.80,63.30
21. 6. 17 오전 8:30,20.80,63.30
21. 6. 17 오전 8:45,20.90,63.40
21. 6. 17 오전 9:00,20.90,63.60
21. 6. 17 오전 9:15,20.90,63.60
21. 6. 17 오전 9:30,20.80,64.90
21. 6. 17 오전 9:45,20.80,64.70
21. 6. 17 오전 10:00,20.90,66.30
21. 6. 17 오전 10:15,21.20,65.30
21. 6. 17 오전 10:30,21.30,65.10
21. 6. 17 오전 10:45,21.40,65.00
21. 6. 17 오전 11:00,21.30,65.90
21. 6. 17 오전 11:15,21.40,67.10
21. 6. 17 오전 11:30,21.50,67.00
21. 6. 17 오전 11:45,,66.60
21. 6. 17 오후 12:00,21.60,66.60
21. 6. 17 오후 12:15,21.70,67.60
21. 6. 17 오후 12:30,21.70,67.60
21. 6. 17 오후 12:45,21.70,68.80
21. 6. 17 오후 1:00,21.80,69.20
21. 6. 17 오후 1:15,21.80,68.80
21. 6. 17 오후 1:30,22.10,69.50
21. 6. 17 오후 1:45,,68.70
21. 6. 17 오후 2:00,22.20,68.70
21. 6. 17 오후 2:15,22.40,68.20
21. 6. 17 오후 2:30,22.60,68.70
21. 6. 17 오후 2:45,22.60,68.70
21. 6. 17 오후 3:00,22.40,71.10
21. 6. 17 오후 3:15,22.00,81.60
21. 6. 17 오후 3:30,21.90,84.20
21. 6. 17 오후 3:45,21.90,84.20
21. 6. 17 오후 4:00,21.80,94.30
21. 6. 17 오후 4:15,21.80,100.00
21. 6. 17 오후 4:30,21.80,99.90
21. 6. 17 오후 4:45,21.80,99.90
21. 6. 17 오후 5:00,21.70,99.90
21. 6. 17 오후 5:15,21.50,99.90
21. 6. 17 오후 5:30,21.30,100.00
21. 6. 17 오후 5:45,21.30,100.00
21. 6. 17 오후 6:00,20.70,100.00
21. 6. 17 오후 6:15,19.60,100.00
21. 6. 17 오후 6:30,19.10,100.00
21. 6. 17 오후 6:45,19.10,100.00
21. 6. 17 오후 7:00,19.30,100.00
21. 6. 17 오후 7:15,19.10,100.00
21. 6. 17 오후 7:30,18.80,100.00
21. 6. 17 오후 7:45,18.90,100.00
21. 6. 17 오후 8:00,19.10,100.00
21. 6. 17 오후 8:15,19.20,100.00
21. 6. 17 오후 8:30,19.00,100.00
21. 6. 17 오후 8:45,18.80,100.00
21. 6. 17 오후 9:00,18.80,100.00
21. 6. 17 오후 9:15,18.60,100.00
21. 6. 17 오후 9:30,18.50,100.00
21. 6. 17 오후 9:45,18.50,100.00
21. 6. 17 오후 10:00,18.50,100.00
21. 6. 17 오후 10:15,18.40,100.00
21. 6. 17 오후 10:30,18.70,100.00
21. 6. 17 오후 10:45,18.80,100.00
21. 6. 17 오후 11:00,18.60,100.00
21. 6. 17 오후 11:15,18.70,100.00
21. 6. 17 오후 11:30,18.60,100.00
21. 6. 17 오후 11:45,18.60,100.00
21. 6. 18 오전 12:00,,100.00
21. 6. 18 오전 12:15,18.30,100.00
21. 6. 18 오전 12:30,18.30,100.00
21. 6. 18 오전 12:45,18.20,100.00
21. 6. 18 오전 1:00,18.30,100.00
21. 6. 18 오전 1:15,18.30,100.00
21. 6. 18 오전 1:30,18.40,100.00
21. 6. 18 오전 1:45,18.40,100.00
21. 6. 18 오전 2:00,18.40,100.00
21. 6. 18 오전 2:15,18.40,100.00
21. 6. 18 오전 2:30,18.50,100.00
21. 6. 18 오전 2:45,18.60,100.00
21. 6. 18 오전 3:00,,100.00
21. 6. 18 오전 3:15,18.60,100.00
21. 6. 18 오전 3:30,18.50,100.00
21. 6. 18 오전 3:45,18.40,100.00
21. 6. 18 오전 4:00,18.40,100.00
21. 6. 18 오전 4:15,18.30,100.00
21. 6. 18 오전 4:30,17.80,100.00
21. 6. 18 오전 4:45,17.70,100.00
21. 6. 18 오전 5:00,17.70,100.00
21. 6. 18 오전 5:15,17.70,100.00
21. 6. 18 오전 5:30,17.70,100.00
21. 6. 18 오전 5:45,17.90,100.00
21. 6. 18 오전 6:00,17.90,100.00
21. 6. 18 오전 6:15,18.00,100.00
21. 6. 18 오전 6:30,17.90,100.00
21. 6. 18 오전 6:45,17.90,100.00
21. 6. 18 오전 7:00,17.90,100.00
21. 6. 18 오전 7:15,18.00,100.00
21. 6. 18 오전 7:30,,100.00
21. 6. 18 오전 7:45,18.10,100.00
21. 6. 18 오전 8:00,18.10,100.00
21. 6. 18 오전 8:15,18.10,100.00
21. 6. 18 오전 8:30,18.20,100.00
21. 6. 18 오전 8:45,18.40,100.00
21. 6. 18 오전 9:00,18.40,100.00
21. 6. 18 오전 9:15,18.40,100.00
21. 6. 18 오전 9:30,18.40,100.00
21. 6. 18 오전 9:45,18.50,100.00
21. 6. 18 오전 10:00,18.50,100.00
21. 6. 18 오전 10:15,18.60,100.00
21. 6. 18 오전 10:30,18.60,100.00
21. 6. 18 오전 10:45,18.40,100.00
21. 6. 18 오전 11:00,18.40,100.00
21. 6. 18 오전 11:15,18.30,100.00
21. 6. 18 오전 11:30,18.10,100.00
21. 6. 18 오전 11:45,18.30,100.00
21. 6. 18 오후 12:00,18.30,100.00
21. 6. 18 오후 12:15,18.10,100.00
21. 6. 18 오후 12:30,18.40,100.00
21. 6. 18 오후 12:45,18.70,100.00
21. 6. 18 오후 1:00,18.90,100.00
21. 6. 18 오후 1:15,18.70,100.00
21. 6. 18 오후 1:30,18.70,100.00
21. 6. 18 오후 1:45,18.80,100.00
21. 6. 18 오후 2:00,19.00,100.00
21. 6. 18 오후 2:15,18.90,100.00
21. 6. 18 오후 2:30,19.00,100.00
21. 6. 18 오후 2:45,18.70,100.00
21. 6. 18 오후 3:00,18.90,100.00
21. 6. 18 오후 3:15,19.00,100.00
21. 6. 18 오후 3:30,18.90,100.00
21. 6. 18 오후 3:45,18.60,100.00
21. 6. 18 오후 4:00,18.50,100.00
21. 6. 18 오후 4:15,18.50,100.00
21. 6. 18 오후 4:30,18.60,100.00
21. 6. 18 오후 4:45,18.80,100.00
21. 6. 18 오후 5:00,18.80,100.00
21. 6. 18 오후 5:15,19.00,100.00
21. 6. 18 오후 5:30,19.00,100.00
21. 6. 18 오후 5:45,18.90,100.00
21. 6. 18 오후 6:00,18.80,100.00
21. 6. 18 오후 6:15,,100.00
21. 6. 18 오후 6:30,18.60,100.00
21. 6. 18 오후 6:45,18.50,100.00
21. 6. 18 오후 7:00,18.40,100.00
21. 6. 18 오후 7:15,18.40,100.00
21. 6. 18 오후 7:30,18.50,100.00
21. 6. 18 오후 7:45,18.30,100.00
21. 6. 18 오후 8:00,18.20,100.00
21. 6. 18 오후 8:15,18.20,100.00
21. 6. 18 오후 8:30,18.10,100.00
21. 6. 18 오후 8:45,18.20,100.00
21. 6. 18 오후 9:00,18.00,100.00
21. 6. 18 오후 9:15,18.00,100.00
21. 6. 18 오후 9:30,17.80,100.00
21. 6. 18 오후 9:45,17.80,100.00
21. 6. 18 오후 10:00,17.90,100.00
21. 6. 18 오후 10:15,17.90,100.00
21. 6. 18 오후 10:30,17.90,100.00
21. 6. 18 오후 10:45,17.90,100.00
21. 6. 18 오후 11:00,17.90,100.00
21. 6. 18 오후 11:15,17.90,100.00
21. 6. 18 오후 11:30,17.90,100.00
21. 6. 18 오후 11:45,17.90,100.00
21. 6. 19 오전 12:00,17.90,100.00
21. 6. 19 오전 12:15,18.00,100.00
21. 6. 19 오전 12:30,18.10,100.00
21. 6. 19 오전 12:45,18.10,100.00
21. 6. 19 오전 1:00,18.20,100.00
21. 6. 19 오전 1:15,18.30,100.00
21. 6. 19 오전 1:30,18.40,100.00
21. 6. 19 오전 1:45,18.40,100.00
21. 6. 19 오전 2:00,18.40,100.00
21. 6. 19 오전 2:15,18.50,100.00
21. 6. 19 오전 2:30,18.40,100.00
21. 6. 19 오전 2:45,18.30,100.00
21. 6. 19 오전 3:00,18.40,100.00
21. 6. 19 오전 3:15,18.50,100.00
21. 6. 19 오전 3:30,18.40,100.00
21. 6. 19 오전 3:45,18.40,100.00
21. 6. 19 오전 4:00,18.20,100.00
21. 6. 19 오전 4:15,18.00,100.00
21. 6. 19 오전 4:30,17.90,100.00
21. 6. 19 오전 4:45,17.80,100.00
21. 6. 19 오전 5:00,17.90,100.00
21. 6. 19 오전 5:15,17.80,100.00
21. 6. 19 오전 5:30,,100.00
21. 6. 19 오전 5:45,17.80,100.00
21. 6. 19 오전 6:00,18.00,100.00
21. 6. 19 오전 6:15,18.10,100.00
21. 6. 19 오전 6:30,,100.00
21. 6. 19 오전 6:45,18.00,100.00
21. 6. 19 오전 7:00,18.60,100.00
21. 6. 19 오전 7:15,18.90,100.00
21. 6. 19 오전 7:30,,100.00
21. 6. 19 오전 7:45,19.90,100.00
21. 6. 19 오전 8:00,19.90,100.00
21. 6. 19 오전 8:15,20.00,100.00
21. 6. 19 오전 8:30,20.20,100.00
21. 6. 19 오전 8:45,20.70,100.00
21. 6. 19 오전 9:00,20.70,100.00
21. 6. 19 오전 9:15,20.80,100.00
21. 6. 19 오전 9:30,,100.00
21. 6. 19 오전 9:45,21.40,100.00
21. 6. 19 오전 10:00,22.10,100.00
21. 6. 19 오전 10:15,22.20,100.00
21. 6. 19 오전 10:30,22.20,100.00
21. 6. 19 오전 10:45,22.40,80.40
21. 6. 19 오전 11:00,22.40,80.40
21. 6. 19 오전 11:15,20.80,100.00
21. 6. 19 오전 11:30,20.80,100.00
21. 6. 19 오전 11:45,21.00,100.00
21. 6. 19 오후 12:00,21.50,100.00
21. 6. 19 오후 12:15,21.10,100.00
21. 6. 19 오후 12:30,21.10,100.00
21. 6. 19 오후 12:45,21.20,100.00
21. 6. 19 오후 1:00,21.20,100.00
21. 6. 19 오후 1:15,21.70,100.00
21. 6. 19 오후 1:30,21.70,100.00
21. 6. 19 오후 1:45,21.70,100.00
21. 6. 19 오후 2:00,21.90,100.00
21. 6. 19 오후 2:15,21.60,100.00
21. 6. 19 오후 2:30,21.60,100.00
21. 6. 19 오후 2:45,21.90,100.00
21. 6. 19 오후 3:00,21.60,100.00
21. 6. 19 오후 3:15,21.30,100.00
21. 6. 19 오후 3:30,21.30,100.00
21. 6. 19 오후 3:45,21.20,100.00
21. 6. 19 오후 4:00,21.10,100.00
21. 6. 19 오후 4:15,21.10,100.00
21. 6. 19 오후 4:30,21.10,100.00
21. 6. 19 오후 4:45,21.10,100.00
21. 6. 19 오후 5:00,21.00,100.00
21. 6. 19 오후 5:15,20.90,100.00
21. 6. 19 오후 5:30,20.70,100.00
21. 6. 19 오후 5:45,20.70,100.00
21. 6. 19 오후 6:00,20.60,100.00
21. 6. 19 오후 6:15,20.80,100.00
21. 6. 19 오후 6:30,20.80,100.00
21. 6. 19 오후 6:45,20.70,100.00
21. 6. 19 오후 7:00,21.10,100.00
21. 6. 19 오후 7:15,20.70,100.00
21. 6. 19 오후 7:30,20.70,100.00
21. 6. 19 오후 7:45,20.40,100.00
21. 6. 19 오후 8:00,20.20,100.00
21. 6. 19 오후 8:15,20.00,100.00
21. 6. 19 오후 8:30,19.80,100.00
21. 6. 19 오후 8:45,19.80,100.00
21. 6. 19 오후 9:00,19.70,100.00
21. 6. 19 오후 9:15,19.70,100.00
21. 6. 19 오후 9:30,19.70,100.00
21. 6. 19 오후 9:45,19.70,100.00
21. 6. 19 오후 10:00,19.40,100.00
21. 6. 19 오후 10:15,19.10,100.00
21. 6. 19 오후 10:30,19.00,100.00
21. 6. 19 오후 10:45,19.10,100.00
21. 6. 19 오후 11:00,19.00,100.00
21. 6. 19 오후 11:15,18.70,100.00
21. 6. 19 오후 11:30,18.70,100.00
21. 6. 19 오후 11:45,18.70,100.00
21. 6. 20 오전 12:00,,100.00
21. 6. 20 오전 12:15,,100.00
21. 6. 20 오전 12:30,18.50,100.00
21. 6. 20 오전 12:45,,100.00
21. 6. 20 오전 1:00,18.50,100.00
21. 6. 20 오전 1:15,18.40,100.00
21. 6. 20 오전 1:30,18.50,100.00
21. 6. 20 오전 1:45,18.50,100.00
21. 6. 20 오전 2:00,18.40,100.00
21. 6. 20 오전 2:15,18.40,100.00
21. 6. 20 오전 2:30,18.40,100.00
21. 6. 20 오전 2:45,18.40,100.00
21. 6. 20 오전 3:00,18.40,100.00
21. 6. 20 오전 3:15,18.60,100.00
21. 6. 20 오전 3:30,18.40,100.00
21. 6. 20 오전 3:45,18.40,100.00
21. 6. 20 오전 4:00,18.40,100.00
21. 6. 20 오전 4:15,18.30,100.00
21. 6. 20 오전 4:30,18.50,100.00
21. 6. 20 오전 4:45,18.50,100.00
21. 6. 20 오전 5:00,18.60,100.00
21. 6. 20 오전 5:15,18.50,100.00
21. 6. 20 오전 5:30,18.50,100.00
21. 6. 20 오전 5:45,18.50,100.00
21. 6. 20 오전 6:00,18.40,100.00
21. 6. 20 오전 6:15,18.40,100.00
21. 6. 20 오전 6:30,18.40,100.00
21. 6. 20 오전 6:45,18.40,100.00
21. 6. 20 오전 7:00,18.70,100.00
21. 6. 20 오전 7:15,19.00,100.00
21. 6. 20 오전 7:30,19.50,100.00
21. 6. 20 오전 7:45,19.50,100.00
21. 6. 20 오전 8:00,19.70,100.00
21. 6. 20 오전 8:15,19.80,100.00
21. 6. 20 오전 8:30,20.10,100.00
21. 6. 20 오전 8:45,20.20,100.00
21. 6. 20 오전 9:00,20.50,100.00
21. 6. 20 오전 9:15,20.70,100.00
21. 6. 20 오전 9:30,21.10,83.90
21. 6. 20 오전 9:45,21.80,79.20
21. 6. 20 오전 10:00,22.10,80.30
21. 6. 20 오전 10:15,22.80,76.60
21. 6. 20 오전 10:30,23.40,72.20
21. 6. 20 오전 10:45,23.60,70.60
21. 6. 20 오전 11:00,23.60,69.00
21. 6. 20 오전 11:15,24.40,66.40
21. 6. 20 오전 11:30,24.10,66.20
21. 6. 20 오전 11:45,24.30,65.40
21. 6. 20 오후 12:00,24.50,66.60
21. 6. 20 오후 12:15,25.20,63.70
21. 6. 20 오후 12:30,25.20,64.10
21. 6. 20 오후 12:45,25.40,67.00
21. 6. 20 오후 1:00,25.70,64.60
21. 6. 20 오후 1:15,23.50,80.80
21. 6. 20 오후 1:30,23.80,76.20
21. 6. 20 오후 1:45,23.60,74.90
21. 6. 20 오후 2:00,23.40,76.20
21. 6. 20 오후 2:15,23.40,78.60
21. 6. 20 오후 2:30,,79.50
21. 6. 20 오후 2:45,23.10,79.50
21. 6. 20 오후 3:00,22.80,86.90
21. 6. 20 오후 3:15,22.90,89.20
21. 6. 20 오후 3:30,22.90,89.20
21. 6. 20 오후 3:45,22.90,86.80
21. 6. 20 오후 4:00,,88.80
21. 6. 20 오후 4:15,22.90,88.80
21. 6. 20 오후 4:30,22.90,88.80
21. 6. 20 오후 4:45,22.90,100.00
21. 6. 20 오후 5:00,22.90,100.00
21. 6. 20 오후 5:15,23.00,100.00
21. 6. 20 오후 5:30,22.50,100.00
21. 6. 20 오후 5:45,22.00,100.00
21. 6. 20 오후 6:00,22.00,100.00
21. 6. 20 오후 6:15,22.20,100.00
21. 6. 20 오후 6:30,22.00,100.00
21. 6. 20 오후 6:45,21.70,100.00
21. 6. 20 오후 7:00,21.70,100.00
21. 6. 20 오후 7:15,21.20,100.00
21. 6. 20 오후 7:30,20.60,100.00
21. 6. 20 오후 7:45,20.30,100.00
21. 6. 20 오후 8:00,20.30,100.00
21. 6. 20 오후 8:15,20.20,100.00
21. 6. 20 오후 8:30,20.10,100.00
21. 6. 20 오후 8:45,19.90,100.00
21. 6. 20 오후 9:00,19.90,100.00
21. 6. 20 오후 9:15,19.60,100.00
21. 6. 20 오후 9:30,19.50,100.00
21. 6. 20 오후 9:45,19.20,100.00
21. 6. 20 오후 10:00,19.20,100.00
21. 6. 20 오후 10:15,19.10,100.00
21. 6. 20 오후 10:30,19.10,100.00
21. 6. 20 오후 10:45,19.00,100.00
21. 6. 20 오후 11:00,19.00,100.00
21. 6. 20 오후 11:15,18.80,100.00
21. 6. 20 오후 11:30,18.70,100.00
21. 6. 20 오후 11:45,18.40,100.00
21. 6. 21 오전 12:00,18.40,100.00
21. 6. 21 오전 12:15,17.90,100.00
21. 6. 21 오전 12:30,17.90,100.00
21. 6. 21 오전 12:45,18.10,100.00
21. 6. 21 오전 1:00,18.10,100.00
21. 6. 21 오전 1:15,18.20,100.00
21. 6. 21 오전 1:30,18.20,100.00
21. 6. 21 오전 1:45,17.90,100.00
21. 6. 21 오전 2:00,17.90,100.00
21. 6. 21 오전 2:15,17.90,100.00
21. 6. 21 오전 2:30,17.90,100.00
21. 6. 21 오전 2:45,18.00,100.00
21. 6. 21 오전 3:00,18.00,100.00
21. 6. 21 오전 3:15,18.10,100.00
21. 6. 21 오전 3:30,18.20,100.00
21. 6. 21 오전 3:45,18.10,100.00
21. 6. 21 오전 4:00,18.10,100.00
21. 6. 21 오전 4:15,18.10,100.00
21. 6. 21 오전 4:30,18.00,100.00
21. 6. 21 오전 4:45,18.10,100.00
21. 6. 21 오전 5:00,18.10,100.00
21. 6. 21 오전 5:15,18.10,100.00
21. 6. 21 오전 5:30,18.10,100.00
21. 6. 21 오전 5:45,18.10,100.00
21. 6. 21 오전 6:00,18.30,100.00
21. 6. 21 오전 6:15,18.40,100.00
21. 6. 21 오전 6:30,18.50,100.00
21. 6. 21 오전 6:45,18.70,100.00
21. 6. 21 오전 7:00,18.50,100.00
21. 6. 21 오전 7:15,,100.00
21. 6. 21 오전 7:30,18.70,100.00
21. 6. 21 오전 7:45,18.70,100.00
21. 6. 21 오전 8:00,18.80,100.00
21. 6. 21 오전 8:15,18.80,100.00
21. 6. 21 오전 8:30,18.70,100.00
21. 6. 21 오전 8:45,19.00,100.00
21. 6. 21 오전 9:00,19.10,100.00
21. 6. 21 오전 9:15,19.10,100.00
21. 6. 21 오전 9:30,19.60,100.00
21. 6. 21 오전 9:45,19.60,100.00
21. 6. 21 오전 10:00,19.60,100.00
21. 6. 21 오전 10:15,19.80,100.00
21. 6. 21 오전 10:30,19.90,100.00
21. 6. 21 오전 10:45,19.90,100.00
21. 6. 21 오전 11:00,20.30,100.00
21. 6. 21 오전 11:15,20.30,100.00
21. 6. 21 오전 11:30,20.80,100.00
21. 6. 21 오전 11:45,20.80,100.00
21. 6. 21 오후 12:00,21.10,100.00
21. 6. 21 오후 12:15,21.10,100.00
21. 6. 21 오후 12:30,21.20,100.00
21. 6. 21 오후 12:45,21.50,100.00
21. 6. 21 오후 1:00,21.60,100.00
21. 6. 21 오후 1:15,21.60,100.00
21. 6. 21 오후 1:30,22.30,100.00
21. 6. 21 오후 1:45,22.10,100.00
21. 6. 21 오후 2:00,21.70,100.00
21. 6. 21 오후 2:15,21.70,100.00
21. 6. 21 오후 2:30,20.70,100.00
21. 6. 21 오후 2:45,20.80,100.00
21. 6. 21 오후 3:00,20.30,100.00
21. 6. 21 오후 3:15,20.30,100.00
21. 6. 21 오후 3:30,20.50,100.00
21. 6. 21 오후 3:45,20.50,100.00
21. 6. 21 오후 4:00,20.60,100.00
21. 6. 21 오후 4:15,20.90,100.00
21. 6. 21 오후 4:30,21.20,100.00
21. 6. 21 오후 4:45,21.40,100.00
21. 6. 21 오후 5:00,21.70,85.10
21. 6. 21 오후 5:15,21.70,91.60
21. 6. 21 오후 5:30,21.60,92.20
21. 6. 21 오후 5:45,21.60,100.00
21. 6. 21 오후 6:00,21.50,85.00
21. 6. 21 오후 6:15,21.30,100.00
21. 6. 21 오후 6:30,21.30,100.00
21. 6. 21 오후 6:45,21.00,100.00
21. 6. 21 오후 7:00,21.40,100.00
21. 6. 21 오후 7:15,20.60,100.00
21. 6. 21 오후 7:30,20.50,100.00
21. 6. 21 오후 7:45,20.50,100.00
21. 6. 21 오후 8:00,20.20,100.00
21. 6. 21 오후 8:15,20.30,100.00
21. 6. 21 오후 8:30,20.10,100.00
21. 6. 21 오후 8:45,20.10,100.00
21. 6. 21 오후 9:00,20.10,100.00
21. 6. 21 오후 9:15,20.10,100.00
21. 6. 21 오후 9:30,19.90,100.00
21. 6. 21 오후 9:45,20.00,100.00
21. 6. 21 오후 10:00,19.90,100.00
21. 6. 21 오후 10:15,20.00,100.00
21. 6. 21 오후 10:30,,100.00
21. 6. 21 오후 10:45,20.00,100.00
21. 6. 21 오후 11:00,20.00,100.00
21. 6. 21 오후 11:15,20.00,100.00
21. 6. 21 오후 11:30,20.00,100.00
21. 6. 21 오후 11:45,19.80,100.00
21. 6. 22 오전 12:00,,100.00
21. 6. 22 오전 12:15,19.70,100.00
21. 6. 22 오전 12:30,19.70,100.00
21. 6. 22 오전 12:45,19.60,100.00
21. 6. 22 오전 1:00,19.60,100.00
21. 6. 22 오전 1:15,19.70,100.00
21. 6. 22 오전 1:30,19.70,100.00
21. 6. 22 오전 1:45,19.50,100.00
21. 6. 22 오전 2:00,19.50,100.00
21. 6. 22 오전 2:15,19.30,100.00
21. 6. 22 오전 2:30,19.30,100.00
21. 6. 22 오전 2:45,19.00,100.00
21. 6. 22 오전 3:00,19.20,100.00
21. 6. 22 오전 3:15,19.30,100.00
21. 6. 22 오전 3:30,19.30,100.00
21. 6. 22 오전 3:45,19.40,100.00
21. 6. 22 오전 4:00,19.40,100.00
21. 6. 22 오전 4:15,19.30,100.00
21. 6. 22 오전 4:30,19.30,100.00
21. 6. 22 오전 4:45,19.30,100.00
21. 6. 22 오전 5:00,19.30,100.00
21. 6. 22 오전 5:15,19.40,100.00
21. 6. 22 오전 5:30,19.50,100.00
21. 6. 22 오전 5:45,19.70,100.00
21. 6. 22 오전 6:00,19.50,100.00
21. 6. 22 오전 6:15,19.50,100.00
21. 6. 22 오전 6:30,19.60,100.00
21. 6. 22 오전 6:45,19.60,100.00
21. 6. 22 오전 7:00,19.80,100.00
21. 6. 22 오전 7:15,19.90,100.00
21. 6. 22 오전 7:30,20.00,100.00
21. 6. 22 오전 7:45,20.20,100.00
21. 6. 22 오전 8:00,20.70,100.00
21. 6. 22 오전 8:15,20.60,100.00
21. 6. 22 오전 8:30,20.60,100.00
21. 6. 22 오전 8:45,20.70,99.90
21. 6. 22 오전 9:00,21.70,100.00
21. 6. 22 오전 9:15,23.40,73.90
21. 6. 22 오전 9:30,23.60,73.60
21. 6. 22 오전 9:45,23.40,70.50
21. 6. 22 오전 10:00,22.70,75.20
21. 6. 22 오전 10:15,23.20,74.30
21. 6. 22 오전 10:30,23.70,68.00
21. 6. 22 오전 10:45,24.00,64.20
21. 6. 22 오전 11:00,24.60,63.60
21. 6. 22 오전 11:15,24.20,64.70
21. 6. 22 오전 11:30,24.20,65.10
21. 6. 22 오전 11:45,24.30,64.20
21. 6. 22 오후 12:00,24.50,63.60
21. 6. 22 오후 12:15,25.10,62.70
21. 6. 22 오후 12:30,25.70,58.30
21. 6. 22 오후 12:45,25.60,59.40
21. 6. 22 오후 1:00,24.40,65.30
21. 6. 22 오후 1:15,23.50,71.20
21. 6. 22 오후 1:30,23.50,75.80
21. 6. 22 오후 1:45,23.20,76.10
21. 6. 22 오후 2:00,22.50,83.90
21. 6. 22 오후 2:15,22.20,81.20
21. 6. 22 오후 2:30,22.30,79.30
21. 6. 22 오후 2:45,22.30,79.30
21. 6. 22 오후 3:00,22.30,77.20
21. 6. 22 오후 3:15,22.80,72.40
21. 6. 22 오후 3:30,22.40,72.10
21. 6. 22 오후 3:45,22.40,72.10
21. 6. 22 오후 4:00,22.20,71.20
21. 6. 22 오후 4:15,22.50,65.30
21. 6. 22 오후 4:30,22.70,61.10
21. 6. 22 오후 4:45,22.70,61.10
21. 6. 22 오후 5:00,23.00,56.30
21. 6. 22 오후 5:15,23.10,61.50
21. 6. 22 오후 5:30,22.60,66.70
21. 6. 22 오후 5:45,22.60,66.70
21. 6. 22 오후 6:00,22.20,61.80
21. 6. 22 오후 6:15,22.10,57.40
21. 6. 22 오후 6:30,22.20,57.30
21. 6. 22 오후 6:45,22.20,57.30
21. 6. 22 오후 7:00,22.10,63.10
21. 6. 22 오후 7:15,22.40,63.50
21. 6. 22 오후 7:30,22.20,60.00
21. 6. 22 오후 7:45,22.20,60.00
21. 6. 22 오후 8:00,22.20,61.60
21. 6. 22 오후 8:15,22.10,70.10
21. 6. 22 오후 8:30,21.80,64.30
21. 6. 22 오후 8:45,21.80,64.30
21. 6. 22 오후 9:00,21.60,62.40
21. 6. 22 오후 9:15,21.60,64.40
21. 6. 22 오후 9:30,21.00,100.00
21. 6. 22 오후 9:45,21.00,100.00
21. 6. 22 오후 10:00,21.00,100.00
21. 6. 22 오후 10:15,20.60,100.00
21. 6. 22 오후 10:30,20.30,100.00
21. 6. 22 오후 10:45,20.00,100.00
21. 6. 22 오후 11:00,20.00,100.00
21. 6. 22 오후 11:15,20.00,100.00
21. 6. 22 오후 11:30,20.00,100.00
21. 6. 22 오후 11:45,20.00,100.00
21. 6. 23 오전 12:00,,100.00
21. 6. 23 오전 12:15,20.40,100.00
21. 6. 23 오전 12:30,20.40,100.00
21. 6. 23 오전 12:45,20.30,100.00
21. 6. 23 오전 1:00,20.30,100.00
21. 6. 23 오전 1:15,20.30,100.00
21. 6. 23 오전 1:30,20.60,100.00
21. 6. 23 오전 1:45,20.70,100.00
21. 6. 23 오전 2:00,20.80,100.00
21. 6. 23 오전 2:15,20.90,100.00
21. 6. 23 오전 2:30,20.70,83.80
21. 6. 23 오전 2:45,20.60,84.10
21. 6. 23 오전 3:00,20.60,83.70
21. 6. 23 오전 3:15,20.50,85.10
21. 6. 23 오전 3:30,20.30,90.40
21. 6. 23 오전 3:45,20.20,93.70
21. 6. 23 오전 4:00,20.10,93.30
21. 6. 23 오전 4:15,20.00,94.50
21. 6. 23 오전 4:30,19.90,96.90
21. 6. 23 오전 4:45,19.80,98.20
21. 6. 23 오전 5:00,,100.00
21. 6. 23 오전 5:15,19.60,100.00
21. 6. 23 오전 5:30,19.50,100.00
21. 6. 23 오전 5:45,19.50,100.00
21. 6. 23 오전 6:00,19.50,100.00
21. 6. 23 오전 6:15,19.50,100.00
21. 6. 23 오전 6:30,19.90,87.70
21. 6. 23 오전 6:45,20.10,82.30
21. 6. 23 오전 7:00,20.10,82.30
21. 6. 23 오전 7:15,20.40,77.20
21. 6. 23 오전 7:30,20.80,73.30
21. 6. 23 오전 7:45,20.90,74.40
21. 6. 23 오전 8:00,,72.10
21. 6. 23 오전 8:15,21.10,72.10
21. 6. 23 오전 8:30,21.10,72.80
21. 6. 23 오전 8:45,21.30,72.30
21. 6. 23 오전 9:00,21.30,72.30
21. 6. 23 오전 9:15,22.60,64.30
21. 6. 23 오전 9:30,23.10,63.90
21. 6. 23 오전 9:45,23.30,62.50
21. 6. 23 오전 10:00,23.30,62.50
21. 6. 23 오전 10:15,23.90,63.30
21. 6. 23 오전 10:30,24.10,64.20
21. 6. 23 오전 10:45,23.90,62.50
21. 6. 23 오전 11:00,23.90,62.50
21. 6. 23 오전 11:15,23.60,64.70
21. 6. 23 오전 11:30,24.20,63.20
21. 6. 23 오전 11:45,23.80,64.20
21. 6. 23 오후 12:00,23.80,64.20
21. 6. 23 오후 12:15,23.40,65.90
21. 6. 23 오후 12:30,23.50,66.00
21. 6. 23 오후 12:45,23.60,65.30
21. 6. 23 오후 1:00,23.70,66.20
21. 6. 23 오후 1:15,24.20,63.60
21. 6. 23 오후 1:30,24.20,63.60
21. 6. 23 오후 1:45,24.30,64.50
21. 6. 23 오후 2:00,24.30,64.50
21. 6. 23 오후 2:15,24.80,60.90
21. 6. 23 오후 2:30,24.10,67.30
21. 6. 23 오후 2:45,22.90,87.20
21. 6. 23 오후 3:00,22.50,82.60
21. 6. 23 오후 3:15,22.70,77.10
21. 6. 23 오후 3:30,23.00,73.30
21. 6. 23 오후 3:45,22.80,70.70
21. 6. 23 오후 4:00,22.80,70.70
21. 6. 23 오후 4:15,22.80,74.60
21. 6. 23 오후 4:30,22.80,76.30
21. 6. 23 오후 4:45,22.40,79.60
21. 6. 23 오후 5:00,22.50,76.00
21. 6. 23 오후 5:15,23.00,73.70
21. 6. 23 오후 5:30,22.70,73.50
21. 6. 23 오후 5:45,22.50,73.20
21. 6. 23 오후 6:00,22.20,75.50
21. 6. 23 오후 6:15,22.20,75.80
21. 6. 23 오후 6:30,22.00,77.60
21. 6. 23 오후 6:45,22.30,75.20
21. 6. 23 오후 7:00,22.50,73.00
21. 6. 23 오후 7:15,21.80,80.80
21. 6. 23 오후 7:30,21.30,92.60
21. 6. 23 오후 7:45,21.60,90.90
21. 6. 23 오후 8:00,21.70,88.20
21. 6. 23 오후 8:15,,100.00
21. 6. 23 오후 8:30,21.50,100.00
21. 6. 23 오후 8:45,21.60,100.00
21. 6. 23 오후 9:00,21.50,100.00
21. 6. 23 오후 9:15,21.50,100.00
21. 6. 23 오후 9:30,21.40,100.00
21. 6. 23 오후 9:45,21.30,100.00
21. 6. 23 오후 10:00,21.30,100.00
21. 6. 23 오후 10:15,21.30,100.00
21. 6. 23 오후 10:30,21.10,100.00
21. 6. 23 오후 10:45,21.00,100.00
21. 6. 23 오후 11:00,21.00,100.00
21. 6. 23 오후 11:15,21.00,100.00
21. 6. 23 오후 11:30,21.00,100.00
21. 6. 23 오후 11:45,21.00,100.00
21. 6. 24 오전 12:00,20.90,100.00
21. 6. 24 오전 12:15,,100.00
21. 6. 24 오전 12:30,20.70,100.00
21. 6. 24 오전 12:45,20.70,100.00
21. 6. 24 오전 1:00,20.70,100.00
21. 6. 24 오전 1:15,20.70,100.00
21. 6. 24 오전 1:30,20.50,100.00
21. 6. 24 오전 1:45,20.40,100.00
21. 6. 24 오전 2:00,20.30,100.00
21. 6. 24 오전 2:15,20.30,100.00
21. 6. 24 오전 2:30,20.10,100.00
21. 6. 24 오전 2:45,20.00,100.00
21. 6. 24 오전 3:00,20.00,100.00
21. 6. 24 오전 3:15,20.00,100.00
21. 6. 24 오전 3:30,19.80,100.00
21. 6. 24 오전 3:45,19.80,100.00
21. 6. 24 오전 4:00,19.70,100.00
21. 6. 24 오전 4:15,19.70,100.00
21. 6. 24 오전 4:30,19.60,100.00
21. 6. 24 오전 4:45,19.60,100.00
21. 6. 24 오전 5:00,19.50,100.00
21. 6. 24 오전 5:15,19.50,100.00
21. 6. 24 오전 5:30,19.40,100.00
21. 6. 24 오전 5:45,19.50,100.00
21. 6. 24 오전 6:00,19.60,100.00
21. 6. 24 오전 6:15,19.70,100.00
21. 6. 24 오전 6:30,19.90,100.00
21. 6. 24 오전 6:45,20.00,100.00
21. 6. 24 오전 7:00,20.10,100.00
21. 6. 24 오전 7:15,20.70,100.00
21. 6. 24 오전 7:30,21.00,100.00
21. 6. 24 오전 7:45,21.20,100.00
21. 6. 24 오전 8:00,21.40,100.00
21. 6. 24 오전 8:15,21.70,100.00
21. 6. 24 오전 8:30,21.70,100.00
21. 6. 24 오전 8:45,22.30,100.00
21. 6. 24 오전 9:00,22.50,99.20
21. 6. 24 오전 9:15,22.70,91.80
21. 6. 24 오전 9:30,23.10,87.70
21. 6. 24 오전 9:45,23.40,82.50
21. 6. 24 오전 10:00,23.80,72.70
21. 6. 24 오전 10:15,24.30,71.70
21. 6. 24 오전 10:30,,75.80
21. 6. 24 오전 10:45,24.30,75.80
21. 6. 24 오전 11:00,24.30,75.80
21. 6. 24 오전 11:15,23.70,79.30
21. 6. 24 오전 11:30,,83.00
21. 6. 24 오전 11:45,23.50,83.00
21. 6. 24 오후 12:00,23.90,79.00
21. 6. 24 오후 12:15,24.30,75.50
21. 6. 24 오후 12:30,24.30,75.50
21. 6. 24 오후 12:45,23.90,77.00
21. 6. 24 오후 1:00,23.90,77.00
21. 6. 24 오후 1:15,23.90,76.70
21. 6. 24 오후 1:30,23.90,76.70
21. 6. 24 오후 1:45,23.70,77.00
21. 6. 24 오후 2:00,23.90,74.50
21. 6. 24 오후 2:15,23.40,80.30
21. 6. 24 오후 2:30,23.40,80.30
21. 6. 24 오후 2:45,23.90,76.50
21. 6. 24 오후 3:00,23.00,93.10
21. 6. 24 오후 3:15,23.50,79.50
21. 6. 24 오후 3:30,23.50,79.50
21. 6. 24 오후 3:45,23.00,87.40
21. 6. 24 오후 4:00,,100.00
21. 6. 24 오후 4:15,22.20,100.00
21. 6. 24 오후 4:30,22.20,100.00
21. 6. 24 오후 4:45,21.90,100.00
21. 6. 24 오후 5:00,21.70,100.00
21. 6. 24 오후 5:15,21.50,100.00
21. 6. 24 오후 5:30,21.50,100.00
21. 6. 24 오후 5:45,21.40,100.00
21. 6. 24 오후 6:00,21.60,100.00
21. 6. 24 오후 6:15,21.50,100.00
21. 6. 24 오후 6:30,21.50,100.00
21. 6. 24 오후 6:45,21.30,100.00
21. 6. 24 오후 7:00,21.30,100.00
21. 6. 24 오후 7:15,21.00,100.00
21. 6. 24 오후 7:30,21.20,100.00
21. 6. 24 오후 7:45,21.20,100.00
21. 6. 24 오후 8:00,21.20,100.00
21. 6. 24 오후 8:15,21.00,100.00
21. 6. 24 오후 8:30,20.90,100.00
21. 6. 24 오후 8:45,20.90,100.00
21. 6. 24 오후 9:00,21.00,100.00
21. 6. 24 오후 9:15,21.10,100.00
21. 6. 24 오후 9:30,21.20,100.00
21. 6. 24 오후 9:45,21.20,100.00
21. 6. 24 오후 10:00,21.10,100.00
21. 6. 24 오후 10:15,21.10,100.00
21. 6. 24 오후 10:30,21.20,100.00
21. 6. 24 오후 10:45,21.10,100.00
21. 6. 24 오후 11:00,21.00,100.00
21. 6. 24 오후 11:15,20.60,100.00
21. 6. 24 오후 11:30,20.50,100.00
21. 6. 24 오후 11:45,20.40,100.00
21. 6. 25 오전 12:00,20.40,100.00
21. 6. 25 오전 12:15,20.40,100.00
21. 6. 25 오전 12:30,20.30,100.00
21. 6. 25 오전 12:45,20.20,100.00
21. 6. 25 오전 1:00,20.10,100.00
21. 6. 25 오전 1:15,20.10,100.00
21. 6. 25 오전 1:30,20.00,100.00
21. 6. 25 오전 1:45,19.90,100.00
21. 6. 25 오전 2:00,19.80,100.00
21. 6. 25 오전 2:15,19.70,100.00
21. 6. 25 오전 2:30,19.80,100.00
21. 6. 25 오전 2:45,,100.00
21. 6. 25 오전 3:00,19.70,100.00
21. 6. 25 오전 3:15,19.30,100.00
21. 6. 25 오전 3:30,19.30,100.00
21. 6. 25 오전 3:45,19.30,100.00
21. 6. 25 오전 4:00,19.30,100.00
21. 6. 25 오전 4:15,19.30,100.00
21. 6. 25 오전 4:30,19.20,100.00
21. 6. 25 오전 4:45,19.20,100.00
21. 6. 25 오전 5:00,19.30,100.00
21. 6. 25 오전 5:15,19.30,100.00
21. 6. 25 오전 5:30,19.40,100.00
21. 6. 25 오전 5:45,19.40,100.00
21. 6. 25 오전 6:00,19.60,100.00
21. 6. 25 오전 6:15,19.60,100.00
21. 6. 25 오전 6:30,19.70,100.00
21. 6. 25 오전 6:45,19.70,100.00
21. 6. 25 오전 7:00,20.10,100.00
21. 6. 25 오전 7:15,20.70,100.00
21. 6. 25 오전 7:30,21.00,100.00
21. 6. 25 오전 7:45,21.00,100.00
21. 6. 25 오전 8:00,20.90,100.00
21. 6. 25 오전 8:15,21.20,100.00
21. 6. 25 오전 8:30,21.90,100.00
21. 6. 25 오전 8:45,21.90,100.00
21. 6. 25 오전 9:00,22.60,100.00
21. 6. 25 오전 9:15,22.80,100.00
21. 6. 25 오전 9:30,23.10,100.00
21. 6. 25 오전 9:45,23.10,100.00
21. 6. 25 오전 10:00,23.60,96.30
21. 6. 25 오전 10:15,24.40,80.90
21. 6. 25 오전 10:30,22.90,95.70
21. 6. 25 오전 10:45,22.70,100.00
21. 6. 25 오전 11:00,22.60,100.00
21. 6. 25 오전 11:15,23.00,98.70
21. 6. 25 오전 11:30,23.40,92.00
21. 6. 25 오전 11:45,23.40,82.50
21. 6. 25 오후 12:00,23.40,79.80
21. 6. 25 오후 12:15,23.50,73.20
21. 6. 25 오후 12:30,24.00,71.40
21. 6. 25 오후 12:45,24.10,73.00
21. 6. 25 오후 1:00,24.70,68.30
21. 6. 25 오후 1:15,25.00,64.30
21. 6. 25 오후 1:30,25.20,65.00
21. 6. 25 오후 1:45,24.90,64.00
21. 6. 25 오후 2:00,25.00,64.40
21. 6. 25 오후 2:15,24.70,63.10
21. 6. 25 오후 2:30,24.40,65.10
21. 6. 25 오후 2:45,24.80,63.70
21. 6. 25 오후 3:00,24.40,64.90
21. 6. 25 오후 3:15,24.30,66.70
21. 6. 25 오후 3:30,23.90,69.90
21. 6. 25 오후 3:45,23.90,69.60
21. 6. 25 오후 4:00,24.00,68.90
21. 6. 25 오후 4:15,24.10,68.60
21. 6. 25 오후 4:30,23.90,68.90
21. 6. 25 오후 4:45,24.00,72.20
21. 6. 25 오후 5:00,23.80,74.30
21. 6. 25 오후 5:15,23.70,74.90
21. 6. 25 오후 5:30,23.60,72.00
21. 6. 25 오후 5:45,23.50,78.70
21. 6. 25 오후 6:00,,85.40
21. 6. 25 오후 6:15,22.60,85.40
21. 6. 25 오후 6:30,22.70,89.90
21. 6. 25 오후 6:45,22.50,94.80
21. 6. 25 오후 7:00,22.50,94.80
21. 6. 25 오후 7:15,22.50,100.00
21. 6. 25 오후 7:30,22.40,100.00
21. 6. 25 오후 7:45,21.80,100.00
21. 6. 25 오후 8:00,21.80,100.00
21. 6. 25 오후 8:15,21.60,100.00
21. 6. 25 오후 8:30,,100.00
21. 6. 25 오후 8:45,21.80,100.00
21. 6. 25 오후 9:00,21.80,100.00
21. 6. 25 오후 9:15,22.00,100.00
21. 6. 25 오후 9:30,21.80,100.00
21. 6. 25 오후 9:45,21.70,100.00
21. 6. 25 오후 10:00,21.70,100.00
21. 6. 25 오후 10:15,21.40,100.00
21. 6. 25 오후 10:30,21.60,100.00
21. 6. 25 오후 10:45,21.60,100.00
21. 6. 25 오후 11:00,21.60,100.00
21. 6. 25 오후 11:15,21.70,100.00
21. 6. 25 오후 11:30,21.70,100.00
21. 6. 25 오후 11:45,21.70,100.00
21. 6. 26 오전 12:00,21.70,100.00
21. 6. 26 오전 12:15,21.60,100.00
21. 6. 26 오전 12:30,21.60,100.00
21. 6. 26 오전 12:45,21.40,100.00
21. 6. 26 오전 1:00,21.40,100.00
21. 6. 26 오전 1:15,21.30,100.00
21. 6. 26 오전 1:30,21.30,100.00
21. 6. 26 오전 1:45,21.30,100.00
21. 6. 26 오전 2:00,21.30,100.00
21. 6. 26 오전 2:15,21.20,100.00
21. 6. 26 오전 2:30,21.20,100.00
21. 6. 26 오전 2:45,20.90,100.00
21. 6. 26 오전 3:00,20.70,100.00
21. 6. 26 오전 3:15,20.70,100.00
21. 6. 26 오전 3:30,20.70,100.00
21. 6. 26 오전 3:45,20.60,100.00
21. 6. 26 오전 4:00,20.60,100.00
21. 6. 26 오전 4:15,20.70,100.00
21. 6. 26 오전 4:30,20.70,100.00
21. 6. 26 오전 4:45,20.70,100.00
21. 6. 26 오전 5:00,20.70,100.00
21. 6. 26 오전 5:15,20.50,100.00
21. 6. 26 오전 5:30,20.60,100.00
21. 6. 26 오전 5:45,20.70,100.00
21. 6. 26 오전 6:00,20.80,100.00
21. 6. 26 오전 6:15,20.90,100.00
21. 6. 26 오전 6:30,20.90,100.00
21. 6. 26 오전 6:45,20.90,100.00
21. 6. 26 오전 7:00,20.90,100.00
21. 6. 26 오전 7:15,20.80,100.00
21. 6. 26 오전 7:30,20.80,100.00
21. 6. 26 오전 7:45,20.90,100.00
21. 6. 26 오전 8:00,20.90,100.00
21. 6. 26 오전 8:15,20.80,100.00
21. 6. 26 오전 8:30,20.70,100.00
21. 6. 26 오전 8:45,20.90,100.00
21. 6. 26 오전 9:00,20.90,100.00
21. 6. 26 오전 9:15,,100.00
21. 6. 26 오전 9:30,21.00,100.00
21. 6. 26 오전 9:45,21.20,100.00
21. 6. 26 오전 10:00,21.20,100.00
21. 6. 26 오전 10:15,21.20,100.00
21. 6. 26 오전 10:30,21.40,100.00
21. 6. 26 오전 10:45,21.50,100.00
21. 6. 26 오전 11:00,21.40,100.00
21. 6. 26 오전 11:15,21.40,100.00
21. 6. 26 오전 11:30,21.50,100.00
21. 6. 26 오전 11:45,,100.00
21. 6. 26 오후 12:00,21.70,100.00
21. 6. 26 오후 12:15,21.90,100.00
21. 6. 26 오후 12:30,22.20,100.00
21. 6. 26 오후 12:45,23.10,100.00
21. 6. 26 오후 1:00,23.40,100.00
21. 6. 26 오후 1:15,23.40,100.00
21. 6. 26 오후 1:30,23.90,82.30
21. 6. 26 오후 1:45,24.10,78.20
21. 6. 26 오후 2:00,24.10,71.10
21. 6. 26 오후 2:15,24.10,71.10
21. 6. 26 오후 2:30,23.40,88.20
21. 6. 26 오후 2:45,23.20,92.70
21. 6. 26 오후 3:00,23.30,87.60
21. 6. 26 오후 3:15,23.20,86.50
21. 6. 26 오후 3:30,23.20,92.10
21. 6. 26 오후 3:45,23.30,86.60
21. 6. 26 오후 4:00,23.40,85.30
21. 6. 26 오후 4:15,23.40,85.30
21. 6. 26 오후 4:30,23.60,81.70
21. 6. 26 오후 4:45,23.70,78.00
21. 6. 26 오후 5:00,23.60,78.40
21. 6. 26 오후 5:15,23.30,87.60
21. 6. 26 오후 5:30,23.40,82.90
21. 6. 26 오후 5:45,23.70,86.60
21. 6. 26 오후 6:00,23.10,99.90
21. 6. 26 오후 6:15,23.10,99.90
21. 6. 26 오후 6:30,22.90,100.00
21. 6. 26 오후 6:45,22.90,100.00
21. 6. 26 오후 7:00,23.20,100.00
21. 6. 26 오후 7:15,22.70,100.00
21. 6. 26 오후 7:30,22.50,100.00
21. 6. 26 오후 7:45,22.60,100.00
21. 6. 26 오후 8:00,23.00,100.00
21. 6. 26 오후 8:15,23.50,100.00
21. 6. 26 오후 8:30,23.60,100.00
21. 6. 26 오후 8:45,23.70,99.70
21. 6. 26 오후 9:00,23.50,84.00
21. 6. 26 오후 9:15,23.50,86.10
21. 6. 26 오후 9:30,23.40,88.20
21. 6. 26 오후 9:45,23.30,92.60
21. 6. 26 오후 10:00,23.00,90.90
21. 6. 26 오후 10:15,22.90,91.60
21. 6. 26 오후 10:30,22.90,91.00
21. 6. 26 오후 10:45,22.90,88.60
21. 6. 26 오후 11:00,22.70,83.40
21. 6. 26 오후 11:15,22.50,81.80
21. 6. 26 오후 11:30,22.40,82.60
21. 6. 26 오후 11:45,22.40,83.10
21. 6. 27 오전 12:00,,85.90
21. 6. 27 오전 12:15,22.00,85.90
21. 6. 27 오전 12:30,,82.90
21. 6. 27 오전 12:45,22.10,82.90
21. 6. 27 오전 1:00,22.00,84.50
21. 6. 27 오전 1:15,21.90,85.50
21. 6. 27 오전 1:30,21.90,85.50
21. 6. 27 오전 1:45,21.70,90.60
21. 6. 27 오전 2:00,21.60,92.30
21. 6. 27 오전 2:15,21.50,96.40
21. 6. 27 오전 2:30,21.50,96.40
21. 6. 27 오전 2:45,21.40,100.00
21. 6. 27 오전 3:00,21.40,100.00
21. 6. 27 오전 3:15,21.30,100.00
21. 6. 27 오전 3:30,21.30,100.00
21. 6. 27 오전 3:45,21.00,100.00
21. 6. 27 오전 4:00,20.90,100.00
21. 6. 27 오전 4:15,20.80,100.00
21. 6. 27 오전 4:30,20.80,100.00
21. 6. 27 오전 4:45,20.70,100.00
21. 6. 27 오전 5:00,20.70,100.00
21. 6. 27 오전 5:15,20.60,100.00
21. 6. 27 오전 5:30,20.60,100.00
21. 6. 27 오전 5:45,20.60,100.00
21. 6. 27 오전 6:00,20.60,100.00
21. 6. 27 오전 6:15,21.40,100.00
21. 6. 27 오전 6:30,21.40,100.00
21. 6. 27 오전 6:45,22.10,100.00
21. 6. 27 오전 7:00,22.60,100.00
21. 6. 27 오전 7:15,22.40,100.00
21. 6. 27 오전 7:30,23.10,100.00
21. 6. 27 오전 7:45,23.50,100.00
21. 6. 27 오전 8:00,23.70,100.00
21. 6. 27 오전 8:15,23.90,96.90
21. 6. 27 오전 8:30,24.40,74.80
21. 6. 27 오전 8:45,24.50,73.90
21. 6. 27 오전 9:00,25.20,73.60
21. 6. 27 오전 9:15,24.30,78.10
21. 6. 27 오전 9:30,24.30,78.10
21. 6. 27 오전 9:45,23.90,78.90
21. 6. 27 오전 10:00,23.90,78.90
21. 6. 27 오전 10:15,23.80,77.90
21. 6. 27 오전 10:30,23.80,77.30
21. 6. 27 오전 10:45,24.00,75.80
21. 6. 27 오전 11:00,24.60,71.10
21. 6. 27 오전 11:15,24.80,70.00
21. 6. 27 오전 11:30,24.80,68.00
21. 6. 27 오전 11:45,25.00,70.10
21. 6. 27 오후 12:00,25.00,69.00
21. 6. 27 오후 12:15,25.60,67.70
21. 6. 27 오후 12:30,26.00,63.70
21. 6. 27 오후 12:45,25.80,67.60
21. 6. 27 오후 1:00,26.20,63.90
21. 6. 27 오후 1:15,,61.10
21. 6. 27 오후 1:30,26.80,61.10
21. 6. 27 오후 1:45,27.20,59.40
21. 6. 27 오후 2:00,27.40,56.40
21. 6. 27 오후 2:15,27.20,58.50
21. 6. 27 오후 2:30,26.90,60.60
21. 6. 27 오후 2:45,,60.00
21. 6. 27 오후 3:00,26.90,60.00
21. 6. 27 오후 3:15,26.00,68.10
21. 6. 27 오후 3:30,26.20,65.60
21. 6. 27 오후 3:45,,74.80
21. 6. 27 오후 4:00,25.70,74.80
21. 6. 27 오후 4:15,25.70,74.80
21. 6. 27 오후 4:30,24.20,78.30
21. 6. 27 오후 4:45,24.20,78.30
21. 6. 27 오후 5:00,24.60,76.30
21. 6. 27 오후 5:15,24.70,73.30
21. 6. 27 오후 5:30,24.50,73.90
21. 6. 27 오후 5:45,24.50,73.90
21. 6. 27 오후 6:00,24.00,74.70
21. 6. 27 오후 6:15,23.80,77.00
21. 6. 27 오후 6:30,23.10,85.60
21. 6. 27 오후 6:45,23.10,85.60
21. 6. 27 오후 7:00,23.70,77.80
21. 6. 27 오후 7:15,24.00,75.00
21. 6. 27 오후 7:30,22.70,100.00
21. 6. 27 오후 7:45,22.70,100.00
21. 6. 27 오후 8:00,23.90,91.00
21. 6. 27 오후 8:15,23.80,86.30
21. 6. 27 오후 8:30,23.80,86.30
21. 6. 27 오후 8:45,23.50,97.30
21. 6. 27 오후 9:00,23.00,100.00
21. 6. 27 오후 9:15,22.60,100.00
21. 6. 27 오후 9:30,22.10,100.00
21. 6. 27 오후 9:45,22.10,100.00
21. 6. 27 오후 10:00,22.30,100.00
21. 6. 27 오후 10:15,22.10,100.00
21. 6. 27 오후 10:30,22.40,100.00
21. 6. 27 오후 10:45,22.40,100.00
21. 6. 27 오후 11:00,22.60,100.00
21. 6. 27 오후 11:15,22.90,100.00
21. 6. 27 오후 11:30,23.10,100.00
21. 6. 27 오후 11:45,23.10,100.00
21. 6. 28 오전 12:00,,100.00
21. 6. 28 오전 12:15,22.80,100.00
21. 6. 28 오전 12:30,21.90,100.00
21. 6. 28 오전 12:45,21.80,100.00
21. 6. 28 오전 1:00,21.80,100.00
21. 6. 28 오전 1:15,21.90,100.00
21. 6. 28 오전 1:30,22.10,100.00
21. 6. 28 오전 1:45,21.90,100.00
21. 6. 28 오전 2:00,21.70,100.00
21. 6. 28 오전 2:15,21.50,100.00
21. 6. 28 오전 2:30,21.20,100.00
21. 6. 28 오전 2:45,21.20,100.00
21. 6. 28 오전 3:00,21.30,100.00
21. 6. 28 오전 3:15,21.50,100.00
21. 6. 28 오전 3:30,21.50,100.00
21. 6. 28 오전 3:45,21.70,100.00
21. 6. 28 오전 4:00,21.40,100.00
21. 6. 28 오전 4:15,21.20,100.00
21. 6. 28 오전 4:30,21.20,100.00
21. 6. 28 오전 4:45,21.30,100.00
21. 6. 28 오전 5:00,21.40,100.00
21. 6. 28 오전 5:15,21.40,100.00
21. 6. 28 오전 5:30,21.70,100.00
21. 6. 28 오전 5:45,21.70,100.00
21. 6. 28 오전 6:00,,100.00
21. 6. 28 오전 6:15,21.90,100.00
21. 6. 28 오전 6:30,21.70,100.00
21. 6. 28 오전 6:45,21.70,100.00
21. 6. 28 오전 7:00,,100.00
21. 6. 28 오전 7:15,21.90,100.00
21. 6. 28 오전 7:30,21.90,100.00
21. 6. 28 오전 7:45,21.90,100.00
21. 6. 28 오전 8:00,21.90,100.00
21. 6. 28 오전 8:15,21.90,100.00
21. 6. 28 오전 8:30,22.00,100.00
21. 6. 28 오전 8:45,22.10,100.00
21. 6. 28 오전 9:00,22.10,100.00
21. 6. 28 오전 9:15,22.20,98.60
21. 6. 28 오전 9:30,22.50,91.40
21. 6. 28 오전 9:45,22.80,86.60
21. 6. 28 오전 10:00,22.80,86.60
21. 6. 28 오전 10:15,23.50,76.20
21. 6. 28 오전 10:30,23.50,76.20
21. 6. 28 오전 10:45,23.10,78.70
21. 6. 28 오전 11:00,23.10,78.70
21. 6. 28 오전 11:15,23.30,76.70
21. 6. 28 오전 11:30,24.20,71.50
21. 6. 28 오전 11:45,24.40,65.80
21. 6. 28 오후 12:00,24.40,65.80
21. 6. 28 오후 12:15,24.60,65.10
21. 6. 28 오후 12:30,24.80,63.60
21. 6. 28 오후 12:45,26.20,59.10
21. 6. 28 오후 1:00,26.20,59.10
21. 6. 28 오후 1:15,27.50,55.60
21. 6. 28 오후 1:30,27.60,55.70
21. 6. 28 오후 1:45,27.80,53.90
21. 6. 28 오후 2:00,28.10,50.80
21. 6. 28 오후 2:15,28.00,51.60
21. 6. 28 오후 2:30,27.90,49.40
21. 6. 28 오후 2:45,27.40,58.20
21. 6. 28 오후 3:00,26.70,64.50
21. 6. 28 오후 3:15,26.70,64.50
21. 6. 28 오후 3:30,26.60,60.40
21. 6. 28 오후 3:45,26.80,56.80
21. 6. 28 오후 4:00,26.80,56.80
21. 6. 28 오후 4:15,27.00,55.20
21. 6. 28 오후 4:30,27.10,60.60
21. 6. 28 오후 4:45,26.80,60.70
21. 6. 28 오후 5:00,26.80,60.70
21. 6. 28 오후 5:15,26.60,59.60
21. 6. 28 오후 5:30,25.80,68.20
21. 6. 28 오후 5:45,24.80,69.50
21. 6. 28 오후 6:00,25.10,69.50
21. 6. 28 오후 6:15,25.20,68.60
21. 6. 28 오후 6:30,25.50,67.70
21. 6. 28 오후 6:45,24.70,76.30
21. 6. 28 오후 7:00,25.00,73.40
21. 6. 28 오후 7:15,25.40,68.90
21. 6. 28 오후 7:30,25.40,70.60
21. 6. 28 오후 7:45,25.10,80.10
21. 6. 28 오후 8:00,25.10,80.10
21. 6. 28 오후 8:15,24.80,82.50
21. 6. 28 오후 8:30,24.70,82.80
21. 6. 28 오후 8:45,24.00,87.10
21. 6. 28 오후 9:00,24.00,87.10
21. 6. 28 오후 9:15,24.10,89.80
21. 6. 28 오후 9:30,24.20,84.60
21. 6. 28 오후 9:45,24.40,78.80
21. 6. 28 오후 10:00,24.40,78.80
21. 6. 28 오후 10:15,24.20,84.70
21. 6. 28 오후 10:30,24.20,85.90
21. 6. 28 오후 10:45,24.10,90.70
21. 6. 28 오후 11:00,24.10,90.70
21. 6. 28 오후 11:15,23.60,100.00
21. 6. 28 오후 11:30,23.50,100.00
21. 6. 28 오후 11:45,23.40,100.00
21. 6. 29 오전 12:00,23.40,100.00
21. 6. 29 오전 12:15,,100.00
21. 6. 29 오전 12:30,23.60,100.00
21. 6. 29 오전 12:45,23.50,100.00
21. 6. 29 오전 1:00,23.50,100.00
21. 6. 29 오전 1:15,23.50,100.00
21. 6. 29 오전 1:30,23.40,100.00
21. 6. 29 오전 1:45,23.10,100.00
21. 6. 29 오전 2:00,23.10,100.00
21. 6. 29 오전 2:15,23.10,100.00
21. 6. 29 오전 2:30,22.70,100.00
21. 6. 29 오전 2:45,22.60,100.00
21. 6. 29 오전 3:00,22.50,100.00
21. 6. 29 오전 3:15,22.50,100.00
21. 6. 29 오전 3:30,22.50,100.00
21. 6. 29 오전 3:45,22.50,100.00
21. 6. 29 오전 4:00,22.20,100.00
21. 6. 29 오전 4:15,22.20,100.00
21. 6. 29 오전 4:30,22.20,100.00
21. 6. 29 오전 4:45,22.00,100.00
21. 6. 29 오전 5:00,21.90,100.00
21. 6. 29 오전 5:15,21.70,100.00
21. 6. 29 오전 5:30,21.70,100.00
21. 6. 29 오전 5:45,21.60,100.00
21. 6. 29 오전 6:00,21.50,100.00
21. 6. 29 오전 6:15,21.70,100.00
21. 6. 29 오전 6:30,21.70,100.00
21. 6. 29 오전 6:45,21.70,100.00
21. 6. 29 오전 7:00,21.90,100.00
21. 6. 29 오전 7:15,22.00,100.00
21. 6. 29 오전 7:30,22.10,100.00
21. 6. 29 오전 7:45,22.30,100.00
21. 6. 29 오전 8:00,22.80,100.00
21. 6. 29 오전 8:15,23.00,100.00
21. 6. 29 오전 8:30,22.90,100.00
21. 6. 29 오전 8:45,22.90,100.00
21. 6. 29 오전 9:00,23.00,100.00
21. 6. 29 오전 9:15,23.00,100.00
21. 6. 29 오전 9:30,23.50,100.00
21. 6. 29 오전 9:45,23.90,100.00
21. 6. 29 오전 10:00,24.90,99.90
21. 6. 29 오전 10:15,25.70,77.50
21. 6. 29 오전 10:30,,74.90
21. 6. 29 오전 10:45,25.70,74.90
21. 6. 29 오전 11:00,25.00,84.50
21. 6. 29 오전 11:15,25.30,81.50
21. 6. 29 오전 11:30,24.90,81.30
21. 6. 29 오전 11:45,25.00,82.10
21. 6. 29 오후 12:00,24.90,79.10
21. 6. 29 오후 12:15,24.80,84.50
21. 6. 29 오후 12:30,25.30,78.40
21. 6. 29 오후 12:45,25.30,76.40
21. 6. 29 오후 1:00,,76.40
21. 6. 29 오후 1:15,,76.40
21. 6. 29 오후 1:30,25.60,76.40
21. 6. 29 오후 1:45,25.70,75.90
21. 6. 29 오후 2:00,,100.00
21. 6. 29 오후 2:15,24.30,100.00
21. 6. 29 오후 2:30,24.30,100.00
21. 6. 29 오후 2:45,25.20,84.00
21. 6. 29 오후 3:00,24.40,100.00
21. 6. 29 오후 3:15,24.60,100.00
21. 6. 29 오후 3:30,24.60,100.00
21. 6. 29 오후 3:45,24.20,100.00
21. 6. 29 오후 4:00,24.10,100.00
21. 6. 29 오후 4:15,23.40,100.00
21. 6. 29 오후 4:30,23.40,100.00
21. 6. 29 오후 4:45,23.70,100.00
21. 6. 29 오후 5:00,23.70,100.00
21. 6. 29 오후 5:15,23.70,100.00
21. 6. 29 오후 5:30,23.70,100.00
21. 6. 29 오후 5:45,23.70,100.00
21. 6. 29 오후 6:00,23.60,100.00
21. 6. 29 오후 6:15,23.50,100.00
21. 6. 29 오후 6:30,23.50,100.00
21. 6. 29 오후 6:45,22.80,100.00
21. 6. 29 오후 7:00,22.60,100.00
21. 6. 29 오후 7:15,22.20,100.00
21. 6. 29 오후 7:30,22.20,100.00
21. 6. 29 오후 7:45,21.90,100.00
21. 6. 29 오후 8:00,21.70,100.00
21. 6. 29 오후 8:15,21.70,100.00
21. 6. 29 오후 8:30,21.70,100.00
21. 6. 29 오후 8:45,21.50,100.00
21. 6. 29 오후 9:00,21.60,100.00
21. 6. 29 오후 9:15,21.70,100.00
21. 6. 29 오후 9:30,21.80,100.00
21. 6. 29 오후 9:45,21.80,100.00
21. 6. 29 오후 10:00,21.80,100.00
21. 6. 29 오후 10:15,21.70,100.00
21. 6. 29 오후 10:30,21.70,100.00
21. 6. 29 오후 10:45,21.70,100.00
21. 6. 29 오후 11:00,21.60,100.00
21. 6. 29 오후 11:15,21.50,100.00
21. 6. 29 오후 11:30,21.40,100.00
21. 6. 29 오후 11:45,21.50,100.00
21. 6. 30 오전 12:00,21.50,100.00
21. 6. 30 오전 12:15,21.40,100.00
21. 6. 30 오전 12:30,21.40,100.00
21. 6. 30 오전 12:45,21.50,100.00
21. 6. 30 오전 1:00,21.40,100.00
21. 6. 30 오전 1:15,21.40,100.00
21. 6. 30 오전 1:30,21.50,100.00
21. 6. 30 오전 1:45,21.40,100.00
21. 6. 30 오전 2:00,21.40,100.00
21. 6. 30 오전 2:15,21.40,100.00
21. 6. 30 오전 2:30,21.30,100.00
21. 6. 30 오전 2:45,21.20,100.00
21. 6. 30 오전 3:00,21.20,100.00
21. 6. 30 오전 3:15,21.20,100.00
21. 6. 30 오전 3:30,21.20,100.00
21. 6. 30 오전 3:45,21.20,100.00
21. 6. 30 오전 4:00,21.40,100.00
21. 6. 30 오전 4:15,21.30,100.00
21. 6. 30 오전 4:30,21.30,100.00
21. 6. 30 오전 4:45,,100.00
21. 6. 30 오전 5:00,21.40,100.00
21. 6. 30 오전 5:15,21.20,100.00
21. 6. 30 오전 5:30,21.20,100.00
21. 6. 30 오전 5:45,21.20,100.00
21. 6. 30 오전 6:00,21.30,100.00
21. 6. 30 오전 6:15,21.30,100.00
21. 6. 30 오전 6:30,21.30,100.00
21. 6. 30 오전 6:45,21.30,100.00
21. 6. 30 오전 7:00,21.30,100.00
21. 6. 30 오전 7:15,21.50,100.00
21. 6. 30 오전 7:30,21.60,100.00
21. 6. 30 오전 7:45,21.60,100.00
21. 6. 30 오전 8:00,21.90,100.00
21. 6. 30 오전 8:15,22.20,100.00
21. 6. 30 오전 8:30,22.20,100.00
21. 6. 30 오전 8:45,22.40,100.00
21. 6. 30 오전 9:00,22.80,100.00
21. 6. 30 오전 9:15,22.80,100.00
21. 6. 30 오전 9:30,23.40,100.00
21. 6. 30 오전 9:45,23.40,100.00
21. 6. 30 오전 10:00,23.10,100.00
21. 6. 30 오전 10:15,23.20,100.00
21. 6. 30 오전 10:30,23.40,100.00
21. 6. 30 오전 10:45,23.40,100.00
21. 6. 30 오전 11:00,23.90,100.00
21. 6. 30 오전 11:15,24.10,100.00
21. 6. 30 오전 11:30,24.60,100.00
21. 6. 30 오전 11:45,24.20,100.00
21. 6. 30 오후 12:00,23.80,100.00
21. 6. 30 오후 12:15,24.30,98.60
21. 6. 30 오후 12:30,24.60,87.10
21. 6. 30 오후 12:45,23.80,99.90
21. 6. 30 오후 1:00,23.90,100.00
21. 6. 30 오후 1:15,24.10,100.00
21. 6. 30 오후 1:30,24.50,98.90
21. 6. 30 오후 1:45,24.80,92.90
21. 6. 30 오후 2:00,25.00,85.60
21. 6. 30 오후 2:15,25.30,78.80
21. 6. 30 오후 2:30,25.70,71.70
21. 6. 30 오후 2:45,25.90,70.20
21. 6. 30 오후 3:00,26.50,68.60
21. 6. 30 오후 3:15,26.30,65.30
21. 6. 30 오후 3:30,26.00,63.50
21. 6. 30 오후 3:45,25.80,73.40
21. 6. 30 오후 4:00,25.90,71.00
21. 6. 30 오후 4:15,26.00,64.00
21. 6. 30 오후 4:30,25.60,79.20
21. 6. 30 오후 4:45,25.40,77.00
21. 6. 30 오후 5:00,25.50,69.90
21. 6. 30 오후 5:15,25.40,71.10
21. 6. 30 오후 5:30,25.60,69.90
21. 6. 30 오후 5:45,25.30,71.80
21. 6. 30 오후 6:00,25.30,71.50
21. 6. 30 오후 6:15,24.90,79.20
21. 6. 30 오후 6:30,24.60,80.20
21. 6. 30 오후 6:45,24.20,98.30
21. 6. 30 오후 7:00,24.40,95.90
21. 6. 30 오후 7:15,23.60,100.00
21. 6. 30 오후 7:30,23.70,95.10
21. 6. 30 오후 7:45,23.40,100.00
21. 6. 30 오후 8:00,,100.00
21. 6. 30 오후 8:15,22.80,100.00
21. 6. 30 오후 8:30,22.50,100.00
21. 6. 30 오후 8:45,22.50,100.00
21. 6. 30 오후 9:00,22.50,100.00
21. 6. 30 오후 9:15,22.50,100.00
21. 6. 30 오후 9:30,22.60,100.00
21. 6. 30 오후 9:45,22.70,100.00
21. 6. 30 오후 10:00,22.70,100.00
21. 6. 30 오후 10:15,22.60,100.00
21. 6. 30 오후 10:30,22.60,100.00
21. 6. 30 오후 10:45,22.50,100.00
21. 6. 30 오후 11:00,22.50,100.00
21. 6. 30 오후 11:15,22.50,100.00
21. 6. 30 오후 11:30,22.40,100.00
21. 6. 30 오후 11:45,22.20,100.00
21. 7. 1 오전 12:00,22.20,100.00
